Date,Date2,Home,Gas,Beef,Pork,IncomeMid,IncomeMid,SavingsRate,PctHome,PctGas,PctBeef,PctPork,PctChInL,PctChInM,Years
1970-01-01,01/01/70,24002.01,0.36,98.5,81.4,2283,8689,11.8,0,0,0,0,0,0,1970
1970-02-01,02/01/70,24170,0.36,98.3,81.1,2283,8689,11.7,0.006998997,0,-0.002030457,-0.003685504,0,0,1971
1970-03-01,03/01/70,24296,0.36,100.6,80.7,2283,8689,12.4,0.012248558,0,0.021319797,-0.008599509,0,0,1972
1970-04-01,04/01/70,24400.99,0.36,101.1,79.3,2283,8689,13.3,0.016622775,0,0.026395939,-0.025798526,0,0,1973
1970-05-01,05/01/70,24589.99,0.36,100.7,79.4,2283,8689,12.4,0.024497115,0,0.022335025,-0.024570025,0,0,1974
1970-06-01,06/01/70,24757.98,0.36,99.8,79.4,2283,8689,12.3,0.031496112,0,0.01319797,-0.024570025,0,0,1975
1970-07-01,07/01/70,24820.98,0.36,102,80,2283,8689,13.5,0.034120892,0,0.035532995,-0.017199017,0,0,1976
1970-08-01,08/01/70,25051.97,0.36,101.7,79.1,2283,8689,13.4,0.04374467,0,0.03248731,-0.028255528,0,0,1977
1970-09-01,09/01/70,25303.96,0.36,100.2,76.1,2283,8689,12.9,0.054243374,0,0.017258883,-0.065110565,0,0,1978
1970-10-01,10/01/70,25429.95,0.36,99.3,74,2283,8689,13.1,0.059492518,0,0.008121827,-0.090909091,0,0,1979
1970-11-01,11/01/70,25576.95,0.36,99.1,70.2,2283,8689,13.6,0.065617005,0,0.006091371,-0.137592138,0,0,1980
1970-12-01,12/01/70,25723.94,0.36,98,67.9,2283,8689,13.2,0.071741075,0,-0.005076142,-0.165847666,0,0,1981
1971-01-01,01/01/71,25786.94,0.36,98.8,67.9,2539,8965,13.3,0.074365855,0,0.003045685,-0.165847666,0.112133158,0.0317643,1982
1971-02-01,02/01/71,25723.94,0.36,102.9,68.9,2539,8965,13.3,0.071741075,0,0.044670051,-0.153562654,0.112133158,0.0317643,1983
1971-03-01,03/01/71,25723.94,0.36,104,69.4,2539,8965,13.5,0.071741075,0,0.055837563,-0.147420147,0.112133158,0.0317643,1984
1971-04-01,04/01/71,25807.94,0.36,105.8,68.2,2539,8965,13.2,0.075240782,0,0.074111675,-0.162162162,0.112133158,0.0317643,1985
1971-05-01,05/01/71,25996.93,0.36,106.8,67.7,2539,8965,13.6,0.083114706,0,0.084263959,-0.168304668,0.112133158,0.0317643,1986
1971-06-01,06/01/71,26269.92,0.36,107.6,69.1,2539,8965,14.7,0.094488337,0,0.092385787,-0.151105651,0.112133158,0.0317643,1987
1971-07-01,07/01/71,26311.92,0.36,106.8,70.9,2539,8965,13.8,0.09623819,0,0.084263959,-0.128992629,0.112133158,0.0317643,1988
1971-08-01,08/01/71,26395.91,0.36,107.7,71.1,2539,8965,13.6,0.09973748,0,0.093401015,-0.126535627,0.112133158,0.0317643,1989
1971-09-01,09/01/71,26458.91,0.36,108,70.5,2539,8965,13.3,0.10236226,0,0.096446701,-0.133906634,0.112133158,0.0317643,1990
1971-10-01,10/01/71,26542.91,0.36,107.2,70.8,2539,8965,13.3,0.105861967,0,0.088324873,-0.13022113,0.112133158,0.0317643,1991
1971-11-01,11/01/71,26752.9,0.36,108.5,70.9,2539,8965,13.1,0.114610818,0,0.101522843,-0.128992629,0.112133158,0.0317643,1992
1971-12-01,12/01/71,26815.9,0.36,110.8,72.4,2539,8965,13,0.117235598,0,0.124873096,-0.110565111,0.112133158,0.0317643,1993
1972-01-01,01/01/72,26899.89,0.36,114,75.8,2783,9624,12.5,0.120734888,0,0.157360406,-0.068796069,0.219010074,0.10760732,1994
1972-02-01,02/01/72,26962.89,0.36,118.4,80.8,2783,9624,12.8,0.123359669,0,0.202030457,-0.007371007,0.219010074,0.10760732,1995
1972-03-01,03/01/72,26941.89,0.36,118.5,78.9,2783,9624,11.8,0.122484742,0,0.203045685,-0.030712531,0.219010074,0.10760732,1996
1972-04-01,04/01/72,26983.89,0.36,114.6,77.7,2783,9624,11.5,0.124234595,0,0.163451777,-0.045454545,0.219010074,0.10760732,1997
1972-05-01,05/01/72,27067.88,0.36,114.1,78.9,2783,9624,11.7,0.127733886,0,0.158375635,-0.030712531,0.219010074,0.10760732,1998
1972-06-01,06/01/72,27235.88,0.36,116.3,81.5,2783,9624,11.7,0.134733299,0,0.18071066,0.001228501,0.219010074,0.10760732,1999
1972-07-01,07/01/72,27508.87,0.36,120.2,85.1,2783,9624,11.7,0.14610693,0,0.220304569,0.045454545,0.219010074,0.10760732,2000
1972-08-01,08/01/72,27613.86,0.36,118.7,85.5,2783,9624,12,0.150481147,0,0.205076142,0.05036855,0.219010074,0.10760732,2001
1972-09-01,09/01/72,27592.86,0.36,115.9,86.1,2783,9624,12.2,0.14960622,0,0.176649746,0.057739558,0.219010074,0.10760732,2002
1972-10-01,10/01/72,27571.86,0.36,115.8,87,2783,9624,13,0.148731294,0,0.175634518,0.068796069,0.219010074,0.10760732,2003
1972-11-01,11/01/72,27592.86,0.36,115.4,86.7,2783,9624,13.6,0.14960622,0,0.171573604,0.065110565,0.219010074,0.10760732,2004
1972-12-01,12/01/72,27613.86,0.36,117.8,88,2783,9624,13.7,0.150481147,0,0.195939086,0.081081081,0.219010074,0.10760732,2005
1973-01-01,01/01/73,27550.86,0.39,125.5,93.6,2909,10471,12.4,0.147856367,0.083333333,0.274111675,0.14987715,0.274200613,0.205086891,2006
1973-02-01,02/01/73,27550.86,0.39,134,96.6,2909,10471,12.5,0.147856367,0.083333333,0.360406091,0.186732187,0.274200613,0.205086891,2007
1973-03-01,03/01/73,27571.86,0.39,139.3,102.5,2909,10471,12.7,0.148731294,0.083333333,0.414213198,0.259213759,0.274200613,0.205086891,2008
1973-04-01,04/01/73,27571.86,0.39,140,102.2,2909,10471,13.2,0.148731294,0.083333333,0.421319797,0.255528256,0.274200613,0.205086891,2009
1973-05-01,05/01/73,27634.86,0.39,140.1,101.9,2909,10471,13.2,0.151356074,0.083333333,0.422335025,0.251842752,0.274200613,0.205086891,2010
1973-06-01,06/01/73,27697.86,0.39,139.6,103.6,2909,10471,13.6,0.153980854,0.083333333,0.417258883,0.272727273,0.274200613,0.205086891,2011
1973-07-01,07/01/73,27676.86,0.39,140.6,107,2909,10471,13.2,0.153105927,0.083333333,0.427411168,0.314496314,0.274200613,0.205086891,2012
1973-08-01,08/01/73,27928.85,0.39,148.7,130.9,2909,10471,13.9,0.163604631,0.083333333,0.50964467,0.608108108,0.274200613,0.205086891,2013
1973-09-01,09/01/73,28033.84,0.39,149.5,125.7,2909,10471,13.1,0.167978848,0.083333333,0.517766497,0.544226044,0.274200613,0.205086891,2014
1973-10-01,10/01/73,28243.84,0.39,140.4,116.5,2909,10471,14.4,0.176728116,0.083333333,0.425380711,0.431203931,0.274200613,0.205086891,2015
1973-11-01,11/01/73,28369.83,0.39,139.4,114.8,2909,10471,14.4,0.181977259,0.083333333,0.415228426,0.41031941,0.274200613,0.205086891,2016
1973-12-01,12/01/73,28558.82,0.39,138.9,115.2,2909,10471,14.8,0.189851183,0.083333333,0.410152284,0.415233415,0.274200613,0.205086891,2017
1974-01-01,01/01/74,28789.81,0.53,147.8,116.2,3152,11147,14.3,0.199474961,0.472222222,0.500507614,0.427518428,0.380639509,0.282886408,2018
1974-02-01,02/01/74,29020.8,0.53,155.1,116.7,3152,11147,14.2,0.209098738,0.472222222,0.574619289,0.433660934,0.380639509,0.282886408,2019
1974-03-01,03/01/74,29335.79,0.53,147.2,111.4,3152,11147,13.4,0.222222222,0.472222222,0.494416244,0.368550369,0.380639509,0.282886408,2020
1974-04-01,04/01/74,29440.79,0.53,141.2,104.3,3152,11147,13.1,0.226596856,0.472222222,0.433502538,0.281326781,0.380639509,0.282886408,2021
1974-05-01,05/01/74,29587.78,0.53,139.9,99,3152,11147,12.8,0.232720926,0.472222222,0.420304569,0.216216216,0.380639509,0.282886408,
1974-06-01,06/01/74,29755.77,0.53,136.9,93.3,3152,11147,12.8,0.239719923,0.472222222,0.389847716,0.146191646,0.380639509,0.282886408,
1974-07-01,07/01/74,29902.77,0.53,143,103.3,3152,11147,12.8,0.245844411,0.472222222,0.45177665,0.269041769,0.380639509,0.282886408,
1974-08-01,08/01/74,30175.76,0.53,148.7,108.3,3152,11147,12.1,0.257218041,0.472222222,0.50964467,0.33046683,0.380639509,0.282886408,
1974-09-01,09/01/74,30469.74,0.53,147,109.5,3152,11147,12.9,0.269466182,0.472222222,0.492385787,0.345208845,0.380639509,0.282886408,
1974-10-01,10/01/74,30721.73,0.53,142,108.5,3152,11147,13.4,0.279964886,0.472222222,0.441624365,0.332923833,0.380639509,0.282886408,
1974-11-01,11/01/74,30952.72,0.53,139.7,111,3152,11147,13.8,0.289588664,0.472222222,0.418274112,0.363636364,0.380639509,0.282886408,
1974-12-01,12/01/74,31435.7,0.53,137.3,112.3,3152,11147,14,0.309711145,0.472222222,0.393908629,0.37960688,0.380639509,0.282886408,
1975-01-01,01/01/75,32033.5,0.57,138.1,114.6,3335,11724,13.2,0.334617392,0.583333333,0.402030457,0.407862408,0.460797197,0.349292209,
1975-02-01,02/01/75,32086.75,0.57,134.2,114.5,3335,11724,12.5,0.336835957,0.583333333,0.362436548,0.406633907,0.460797197,0.349292209,
1975-03-01,03/01/75,32169.16,0.57,132.2,113.3,3335,11724,12.7,0.340269419,0.583333333,0.34213198,0.391891892,0.460797197,0.349292209,
1975-04-01,04/01/75,32222.41,0.57,139.4,115.4,3335,11724,14.2,0.342487983,0.583333333,0.415228426,0.417690418,0.460797197,0.349292209,
1975-05-01,05/01/75,32318.77,0.57,154,122.6,3335,11724,17.3,0.346502647,0.583333333,0.563451777,0.506142506,0.460797197,0.349292209,
1975-06-01,06/01/75,32298.49,0.57,164.5,130.1,3335,11724,14.3,0.345657718,0.583333333,0.670050761,0.598280098,0.460797197,0.349292209,
1975-07-01,07/01/75,32472.18,0.57,167.9,143.3,3335,11724,12.6,0.352894195,0.583333333,0.704568528,0.76044226,0.460797197,0.349292209,
1975-08-01,08/01/75,32664.89,0.57,162.2,149.7,3335,11724,13,0.360923106,0.583333333,0.646700508,0.839066339,0.460797197,0.349292209,
1975-09-01,09/01/75,32994.54,0.57,159.5,153.3,3335,11724,13,0.374657372,0.583333333,0.61928934,0.883292383,0.460797197,0.349292209,
1975-10-01,10/01/75,33239.23,0.57,159.1,158.2,3335,11724,13.4,0.384851935,0.583333333,0.615228426,0.943488943,0.460797197,0.349292209,
1975-11-01,11/01/75,33475.05,0.57,158,153.5,3335,11724,12.7,0.394676946,0.583333333,0.604060914,0.885749386,0.460797197,0.349292209,
1975-12-01,12/01/75,33570.14,0.57,157.4,147.1,3335,11724,12,0.398638697,0.583333333,0.597969543,0.807125307,0.460797197,0.349292209,
1976-01-01,01/01/76,33693.12,0.59,155.4,143.9,3685,12691,11.7,0.403762435,0.638888889,0.577664975,0.767813268,0.614104249,0.460582345,
1976-02-01,02/01/76,33757.78,0.59,149.2,141.3,3685,12691,12.3,0.406456376,0.638888889,0.514720812,0.735872236,0.614104249,0.460582345,
1976-03-01,03/01/76,34054.46,0.59,141.5,138.4,3685,12691,12.2,0.418817007,0.638888889,0.436548223,0.7002457,0.614104249,0.460582345,
1976-04-01,04/01/76,34395.51,0.59,148.6,136.3,3685,12691,11.7,0.433026234,0.638888889,0.508629442,0.674447174,0.614104249,0.460582345,
1976-05-01,05/01/76,34801.22,0.59,148.5,138.3,3685,12691,12.3,0.449929402,0.638888889,0.507614213,0.699017199,0.614104249,0.460582345,
1976-06-01,06/01/76,34908.99,0.59,147.5,140.1,3685,12691,11.4,0.454419442,0.638888889,0.497461929,0.721130221,0.614104249,0.460582345,
1976-07-01,07/01/76,35196.79,0.59,145,141.8,3685,12691,11.7,0.466410105,0.638888889,0.472081218,0.742014742,0.614104249,0.460582345,
1976-08-01,08/01/76,35426.27,0.59,142.4,137.1,3685,12691,11.7,0.475970971,0.638888889,0.445685279,0.684275184,0.614104249,0.460582345,
1976-09-01,09/01/76,35681.11,0.59,141,132.4,3685,12691,11.4,0.486588415,0.638888889,0.431472081,0.626535627,0.614104249,0.460582345,
1976-10-01,10/01/76,35797.75,0.59,140.2,124.6,3685,12691,11.1,0.491448008,0.638888889,0.423350254,0.530712531,0.614104249,0.460582345,
1976-11-01,11/01/76,36005.68,0.59,142.6,117.3,3685,12691,11.4,0.500111032,0.638888889,0.447715736,0.441031941,0.614104249,0.460582345,
1976-12-01,12/01/76,36304.89,0.59,146,117,3685,12691,10.6,0.512577072,0.638888889,0.482233503,0.437346437,0.614104249,0.460582345,
1977-01-01,01/01/77,36606.64,0.62,144.6,119.5,4006,13579,10.6,0.525148935,0.722222222,0.468020305,0.468058968,0.754708717,0.562780527,
1977-02-01,02/01/77,37036.44,0.62,141.6,121,4006,13579,9.3,0.543055769,0.722222222,0.437563452,0.486486486,0.754708717,0.562780527,
1977-03-01,03/01/77,37566.4,0.62,140.3,120.9,4006,13579,10.5,0.565135587,0.722222222,0.424365482,0.485257985,0.754708717,0.562780527,
1977-04-01,04/01/77,38234.56,0.62,141.1,118.8,4006,13579,10.5,0.592973255,0.722222222,0.43248731,0.459459459,0.754708717,0.562780527,
1977-05-01,05/01/77,38707.47,0.62,145.9,120.8,4006,13579,10.3,0.612676188,0.722222222,0.481218274,0.484029484,0.754708717,0.562780527,
1977-06-01,06/01/77,39000.34,0.62,144.8,125.6,4006,13579,10.6,0.624878083,0.722222222,0.470050761,0.542997543,0.754708717,0.562780527,
1977-07-01,07/01/77,39402.25,0.62,145.9,132,4006,13579,10.5,0.641622931,0.722222222,0.481218274,0.621621622,0.754708717,0.562780527,
1977-08-01,08/01/77,39801.62,0.62,146.9,130.2,4006,13579,10.9,0.658261954,0.722222222,0.491370558,0.5995086,0.754708717,0.562780527,
1977-09-01,09/01/77,40322.71,0.62,146.7,130.7,4006,13579,11.1,0.679972219,0.722222222,0.489340102,0.605651106,0.754708717,0.562780527,
1977-10-01,10/01/77,40829.85,0.62,149.4,126.8,4006,13579,11,0.701101283,0.722222222,0.516751269,0.557739558,0.754708717,0.562780527,
1977-11-01,11/01/77,41252.04,0.62,149.9,127.4,4006,13579,11.2,0.71869106,0.722222222,0.521827411,0.565110565,0.754708717,0.562780527,
1977-12-01,12/01/77,41624.79,0.62,153.1,130.5,4006,13579,11.4,0.734221009,0.722222222,0.554314721,0.603194103,0.754708717,0.562780527,
1978-01-01,01/01/78,42044.45,0.63,156.8,133.8,4310,14943,11.9,0.751705378,0.75,0.591878173,0.643734644,0.887866842,0.719760617,
1978-02-01,02/01/78,42516.09,0.63,159,138,4310,14943,11.1,0.771355399,0.75,0.614213198,0.695331695,0.887866842,0.719760617,
1978-03-01,03/01/78,43108.18,0.63,164.2,139.2,4310,14943,11,0.79602375,0.75,0.667005076,0.71007371,0.887866842,0.719760617,
1978-04-01,04/01/78,43673.64,0.63,173,141.6,4310,14943,10.8,0.81958261,0.75,0.756345178,0.73955774,0.887866842,0.719760617,
1978-05-01,05/01/78,44273.33,0.63,182.7,141.4,4310,14943,10.3,0.844567601,0.75,0.854822335,0.737100737,0.887866842,0.719760617,
1978-06-01,06/01/78,44940.22,0.63,191.9,144.2,4310,14943,10,0.872352357,0.75,0.94822335,0.771498771,0.887866842,0.719760617,
1978-07-01,07/01/78,45572.88,0.63,188.3,144.2,4310,14943,10.9,0.898710983,0.75,0.911675127,0.771498771,0.887866842,0.719760617,
1978-08-01,08/01/78,46173.84,0.63,186.1,144.4,4310,14943,10.5,0.923748886,0.75,0.889340102,0.773955774,0.887866842,0.719760617,
1978-09-01,09/01/78,46658.16,0.63,184.2,145.5,4310,14943,10.6,0.943927196,0.75,0.870050761,0.787469287,0.887866842,0.719760617,
1978-10-01,10/01/78,47110.78,0.63,184.4,149.4,4310,14943,10.7,0.962784783,0.75,0.872081218,0.835380835,0.887866842,0.719760617,
1978-11-01,11/01/78,47605.24,0.63,184.6,150.4,4310,14943,10.5,0.983385558,0.75,0.874111675,0.847665848,0.887866842,0.719760617,
1978-12-01,12/01/78,48169.44,0.63,190.3,150.5,4310,14943,10.4,1.006891923,0.75,0.931979695,0.848894349,0.887866842,0.719760617,
1979-01-01,01/01/79,48813.5,0.86,201.4,163.14,4602,16428,11.1,1.033725509,1.388888889,1.044670051,1.004176904,1.015768725,0.89066636,
1979-02-01,02/01/79,49427.14,0.86,211.6,166.21,4602,16428,11.1,1.059291701,1.388888889,1.14822335,1.041891892,1.015768725,0.89066636,
1979-03-01,03/01/79,50082.62,0.86,222.1,166,4602,16428,11.2,1.08660108,1.388888889,1.254822335,1.039312039,1.015768725,0.89066636,
1979-04-01,04/01/79,50733.03,0.86,228.8,159.44,4602,16428,11,1.113699228,1.388888889,1.32284264,0.958722359,1.015768725,0.89066636,
1979-05-01,05/01/79,51391.04,0.86,236.1,157.96,4602,16428,10.3,1.141114015,1.388888889,1.396954315,0.940540541,1.015768725,0.89066636,
1979-06-01,06/01/79,52041.45,0.86,229.6,152.88,4602,16428,9.9,1.168212162,1.388888889,1.330964467,0.878132678,1.015768725,0.89066636,
1979-07-01,07/01/79,52624.66,0.86,228.3,150.66,4602,16428,10.6,1.192510544,1.388888889,1.317766497,0.850859951,1.015768725,0.89066636,
1979-08-01,08/01/79,53154.62,0.86,217.1,143.78,4602,16428,9.7,1.214590361,1.388888889,1.204060914,0.766339066,1.015768725,0.89066636,
1979-09-01,09/01/79,53604.71,0.86,222.7,143.46,4602,16428,9.4,1.233342541,1.388888889,1.260913706,0.762407862,1.015768725,0.89066636,
1979-10-01,10/01/79,54080.15,0.86,220.5,142.09,4602,16428,9.7,1.253150882,1.388888889,1.23857868,0.745577396,1.015768725,0.89066636,
1979-11-01,11/01/79,54468.12,0.86,222.4,139.87,4602,16428,9.7,1.269314945,1.388888889,1.25786802,0.718304668,1.015768725,0.89066636,
1979-12-01,12/01/79,54796.49,0.86,228.6,144.21,4602,16428,10.1,1.282995882,1.388888889,1.320812183,0.771621622,1.015768725,0.89066636,
1980-01-01,01/01/80,55074.15,1.19,230.5,143.15,4790,17701,9.9,1.29456408,2.305555556,1.340101523,0.758599509,1.098116513,1.037173438,
1980-02-01,02/01/80,55392.38,1.19,230.8,140.93,4790,17701,10.1,1.307822553,2.305555556,1.343147208,0.731326781,1.098116513,1.037173438,
1980-03-01,03/01/80,55865.29,1.19,232.2,141.03,4790,17701,10.2,1.327525486,2.305555556,1.357360406,0.732555283,1.098116513,1.037173438,
1980-04-01,04/01/80,56388.91,1.19,229.3,135.21,4790,17701,11.3,1.349341159,2.305555556,1.327918782,0.661056511,1.098116513,1.037173438,
1980-05-01,05/01/80,56788.28,1.19,226.5,130.77,4790,17701,11.4,1.365980182,2.305555556,1.299492386,0.606511057,1.098116513,1.037173438,
1980-06-01,06/01/80,57133.14,1.19,226.7,131.62,4790,17701,11.2,1.380348146,2.305555556,1.301522843,0.616953317,1.098116513,1.037173438,
1980-07-01,07/01/80,57529.97,1.19,233.8,144.1,4790,17701,11.3,1.396881345,2.305555556,1.373604061,0.77027027,1.098116513,1.037173438,
1980-08-01,08/01/80,57865.95,1.19,238.1,154.15,4790,17701,11.3,1.410879339,2.305555556,1.417258883,0.893734644,1.098116513,1.037173438,
1980-09-01,09/01/80,58147.42,1.19,240.7,159.44,4790,17701,11.7,1.422606273,2.305555556,1.443654822,0.958722359,1.098116513,1.037173438,
1980-10-01,10/01/80,58387.04,1.19,237.5,161.66,4790,17701,11.3,1.432589604,2.305555556,1.411167513,0.985995086,1.098116513,1.037173438,
1980-11-01,11/01/80,58621.59,1.19,238.2,165.37,4790,17701,11.6,1.442361702,2.305555556,1.418274112,1.031572482,1.098116513,1.037173438,
1980-12-01,12/01/80,58853.61,1.19,238.8,162.72,4790,17701,11.4,1.452028393,2.305555556,1.424365482,0.999017199,1.098116513,1.037173438,
1981-01-01,01/01/81,59034.91,1.31,235.4,160.29,5053,18991,10.9,1.459581927,2.638888889,1.389847716,0.969164619,1.213315813,1.185637012,
1981-02-01,02/01/81,59272,1.31,233.5,157.01,5053,18991,10.8,1.469459849,2.638888889,1.370558376,0.928869779,1.213315813,1.185637012,
1981-03-01,03/01/81,59625.73,1.31,231.6,154.68,5053,18991,10.8,1.484197365,2.638888889,1.351269036,0.9002457,1.213315813,1.185637012,
1981-04-01,04/01/81,60156.96,1.31,227,150.98,5053,18991,10.9,1.506330095,2.638888889,1.304568528,0.854791155,1.213315813,1.185637012,
1981-05-01,05/01/81,60575.35,1.31,230.3,153.3,5053,18991,11,1.523761552,2.638888889,1.338071066,0.883292383,1.213315813,1.185637012,
1981-06-01,06/01/81,60967.12,1.31,234.8,155.1,5053,18991,10.8,1.540083935,2.638888889,1.383756345,0.905405405,1.213315813,1.185637012,
1981-07-01,07/01/81,61280.27,1.31,238.8,163.88,5053,18991,12.3,1.553130759,2.638888889,1.424365482,1.013267813,1.213315813,1.185637012,
1981-08-01,08/01/81,61594.7,1.31,238.6,167.27,5053,18991,12,1.566230911,2.638888889,1.422335025,1.054914005,1.213315813,1.185637012,
1981-09-01,09/01/81,61711.34,1.31,239.7,168.75,5053,18991,12.4,1.571090505,2.638888889,1.433502538,1.073095823,1.213315813,1.185637012,
1981-10-01,10/01/81,61795.02,1.31,237.4,169.7,5053,18991,13,1.574576879,2.638888889,1.410152284,1.084766585,1.213315813,1.185637012,
1981-11-01,11/01/81,61798.83,1.31,234.9,167.38,5053,18991,13.2,1.574735616,2.638888889,1.384771574,1.056265356,1.213315813,1.185637012,
1981-12-01,12/01/81,61848.27,1.31,234,166.53,5053,18991,12.5,1.576795443,2.638888889,1.375634518,1.045823096,1.213315813,1.185637012,
1982-01-01,01/01/82,61890.11,1.22,232.9,167.38,5436,20064,12.7,1.578538631,2.388888889,1.364467005,1.056265356,1.38107753,1.309126482,
1982-02-01,02/01/82,61990.27,1.22,234,170.02,5436,20064,12.1,1.582711615,2.388888889,1.375634518,1.088697789,1.38107753,1.309126482,
1982-03-01,03/01/82,61956.04,1.22,233,170.76,5436,20064,12.2,1.581285484,2.388888889,1.365482234,1.097788698,1.38107753,1.309126482,
1982-04-01,04/01/82,62037.18,1.22,236.3,172.45,5436,20064,12.9,1.584666034,2.388888889,1.398984772,1.118550369,1.38107753,1.309126482,
1982-05-01,05/01/82,62118.32,1.22,242.3,179.44,5436,20064,12.3,1.588046584,2.388888889,1.459898477,1.204422604,1.38107753,1.309126482,
1982-06-01,06/01/82,62113.25,1.22,250.3,185.57,5436,20064,12.3,1.587835352,2.388888889,1.541116751,1.27972973,1.38107753,1.309126482,
1982-07-01,07/01/82,62096.77,1.22,247.5,191.6,5436,20064,12.5,1.587148743,2.388888889,1.512690355,1.353808354,1.38107753,1.309126482,
1982-08-01,08/01/82,62068.88,1.22,242.7,194.14,5436,20064,12.6,1.585986757,2.388888889,1.463959391,1.385012285,1.38107753,1.309126482,
1982-09-01,09/01/82,62090.43,1.22,241.9,201.34,5436,20064,11.8,1.586884598,2.388888889,1.455837563,1.473464373,1.38107753,1.309126482,
1982-10-01,10/01/82,62091.7,1.22,234.6,201.97,5436,20064,11.3,1.586937511,2.388888889,1.381725888,1.481203931,1.38107753,1.309126482,
1982-11-01,11/01/82,62095.5,1.22,233.1,197.85,5436,20064,10.9,1.587095831,2.388888889,1.366497462,1.430589681,1.38107753,1.309126482,
1982-12-01,12/01/82,62200.73,1.22,231.7,194.14,5436,20064,10.9,1.591480047,2.388888889,1.352284264,1.385012285,1.38107753,1.309126482,
1983-01-01,01/01/83,62408.66,1.16,232.9,195.73,5614,20986,11.1,1.600143071,2.222222222,1.364467005,1.404545455,1.459045116,1.415237657,
1983-02-01,02/01/83,62733.23,1.16,234.6,193.93,5614,20986,11.1,1.613665689,2.222222222,1.381725888,1.382432432,1.459045116,1.415237657,
1983-03-01,03/01/83,62993.14,1.16,234.1,191.18,5614,20986,10.6,1.624494365,2.222222222,1.376649746,1.348648649,1.459045116,1.415237657,
1983-04-01,04/01/83,63317.71,1.16,240.3,183.99,5614,20986,10.3,1.638016983,2.222222222,1.439593909,1.26031941,1.459045116,1.415237657,
1983-05-01,05/01/83,63635.94,1.16,242.5,181.02,5614,20986,9.9,1.651275456,2.222222222,1.461928934,1.223832924,1.459045116,1.415237657,
1983-06-01,06/01/83,63947.83,1.16,240,177.96,5614,20986,9.1,1.664269784,2.222222222,1.436548223,1.186240786,1.459045116,1.415237657,
1983-07-01,07/01/83,64312.97,1.16,237.9,176.26,5614,20986,9.6,1.679482677,2.222222222,1.415228426,1.165356265,1.459045116,1.415237657,
1983-08-01,08/01/83,64598.24,1.16,234.5,175.31,5614,20986,9.2,1.691367931,2.222222222,1.38071066,1.153685504,1.459045116,1.415237657,
1983-09-01,09/01/83,64770.67,1.16,230.7,173.41,5614,20986,9.6,1.698551913,2.222222222,1.34213198,1.13034398,1.459045116,1.415237657,
1983-10-01,10/01/83,64892.38,1.16,227.9,171.71,5614,20986,9.7,1.703622738,2.222222222,1.313705584,1.109459459,1.459045116,1.415237657,
1983-11-01,11/01/83,64981.13,1.16,227.2,168.22,5614,20986,10.3,1.707320345,2.222222222,1.306598985,1.066584767,1.459045116,1.415237657,
1983-12-01,12/01/83,65151.02,1.16,226.4,167.27,5614,20986,10.1,1.714398502,2.222222222,1.298477157,1.054914005,1.459045116,1.415237657,
1984-01-01,01/01/84,65341.2,1.13,235.2,171.61,5774,22438,10,1.722322006,2.138888889,1.387817259,1.108230958,1.52912834,1.582345494,
1984-02-01,02/01/84,65551.66,1.13,239.8,172.35,5774,22438,11.7,1.731090438,2.138888889,1.434517766,1.117321867,1.52912834,1.582345494,
1984-03-01,03/01/84,65850.88,1.13,240.4,168.65,5774,22438,11.5,1.743556894,2.138888889,1.440609137,1.071867322,1.52912834,1.582345494,
1984-04-01,04/01/84,66219.82,1.13,240.6,169.07,5774,22438,11.5,1.758928106,2.138888889,1.442639594,1.077027027,1.52912834,1.582345494,
1984-05-01,05/01/84,66636.94,1.13,237.8,167.8,5774,22438,11.1,1.776306651,2.138888889,1.414213198,1.061425061,1.52912834,1.582345494,
1984-06-01,06/01/84,67021.1,1.13,235.6,169.17,5774,22438,11.1,1.792311977,2.138888889,1.391878173,1.078255528,1.52912834,1.582345494,
1984-07-01,07/01/84,67391.31,1.13,232.3,171.61,5774,22438,11.6,1.807736102,2.138888889,1.358375635,1.108230958,1.52912834,1.582345494,
1984-08-01,08/01/84,67714.61,1.13,233.1,175.73,5774,22438,11.8,1.821205807,2.138888889,1.366497462,1.158845209,1.52912834,1.582345494,
1984-09-01,09/01/84,67914.94,1.13,231.2,173.09,5774,22438,11.8,1.829552192,2.138888889,1.347208122,1.126412776,1.52912834,1.582345494,
1984-10-01,10/01/84,68040.45,1.13,230.9,173.41,5774,22438,11.7,1.834781337,2.138888889,1.344162437,1.13034398,1.52912834,1.582345494,
1984-11-01,11/01/84,68050.6,1.13,232.6,171.82,5774,22438,10.9,1.835204218,2.138888889,1.36142132,1.110810811,1.52912834,1.582345494,
1984-12-01,12/01/84,68197.67,1.13,236.2,172.98,5774,22438,11.2,1.841331622,2.138888889,1.397969543,1.125061425,1.52912834,1.582345494,
1985-01-01,01/01/85,68432.22,1.12,235.6,175.63,6132,23615,10.3,1.85110372,2.111111111,1.391878173,1.157616708,1.685939553,1.71780412,
1985-02-01,02/01/85,68742.84,1.12,234.6,175.2,6132,23615,9.1,1.864045136,2.111111111,1.381725888,1.152334152,1.685939553,1.71780412,
1985-03-01,03/01/85,69134.61,1.12,234.5,174.25,6132,23615,8.7,1.880367519,2.111111111,1.38071066,1.140663391,1.685939553,1.71780412,
1985-04-01,04/01/85,69604.98,1.12,232.8,168.54,6132,23615,9.9,1.899964628,2.111111111,1.363451777,1.070515971,1.685939553,1.71780412,
1985-05-01,05/01/85,70137.48,1.12,230.4,167.9,6132,23615,11.1,1.92215027,2.111111111,1.339086294,1.062653563,1.685939553,1.71780412,
1985-06-01,06/01/85,70642.08,1.12,228.1,167.06,6132,23615,9.6,1.943173509,2.111111111,1.315736041,1.052334152,1.685939553,1.71780412,
1985-07-01,07/01/85,71147.95,1.12,226.7,161.7,6132,23615,9.1,1.964249661,2.111111111,1.301522843,0.986486486,1.685939553,1.71780412,
1985-08-01,08/01/85,71638.61,1.12,221.7,171.08,6132,23615,8.2,1.984692115,2.111111111,1.250761421,1.101719902,1.685939553,1.71780412,
1985-09-01,09/01/85,72102.64,1.12,219.8,171.18,6132,23615,7.3,2.00402508,2.111111111,1.231472081,1.102948403,1.685939553,1.71780412,
1985-10-01,10/01/85,72510.89,1.12,220.4,169.28,6132,23615,9.1,2.021034072,2.111111111,1.237563452,1.07960688,1.685939553,1.71780412,
1985-11-01,11/01/85,72907.73,1.12,226,171.82,6132,23615,9,2.037567687,2.111111111,1.294416244,1.110810811,1.685939553,1.71780412,
1985-12-01,12/01/85,73295.69,1.12,232.9,176.16,6132,23615,8.6,2.053731333,2.111111111,1.364467005,1.164127764,1.685939553,1.71780412,
1986-01-01,01/01/86,73735.64,0.86,232.9,178.8,6465,24855,8.6,2.072061048,1.388888889,1.364467005,1.196560197,1.831800263,1.860513293,
1986-02-01,02/01/86,74171.78,0.86,228.5,178.06,6465,24855,9.3,2.090232026,1.388888889,1.319796954,1.187469287,1.831800263,1.860513293,
1986-03-01,03/01/86,74730.9,0.86,226.4,175.42,6465,24855,9.9,2.113526742,1.388888889,1.298477157,1.155036855,1.831800263,1.860513293,
1986-04-01,04/01/86,75419.34,0.86,223.1,171.61,6465,24855,9.7,2.14220934,1.388888889,1.264974619,1.108230958,1.831800263,1.860513293,
1986-05-01,05/01/86,76136.94,0.86,222.9,171.71,6465,24855,9.3,2.172106836,1.388888889,1.262944162,1.109459459,1.831800263,1.860513293,
1986-06-01,06/01/86,76893.85,0.86,222.7,176.16,6465,24855,9.4,2.203642112,1.388888889,1.260913706,1.164127764,1.831800263,1.860513293,
1986-07-01,07/01/86,77657.1,0.86,223.5,194.04,6465,24855,9.3,2.235441532,1.388888889,1.269035533,1.383783784,1.831800263,1.860513293,
1986-08-01,08/01/86,78330.33,0.86,226.3,201.34,6465,24855,9,2.263490433,1.388888889,1.297461929,1.473464373,1.831800263,1.860513293,
1986-09-01,09/01/86,78912.27,0.86,227.1,205.68,6465,24855,7.2,2.287735902,1.388888889,1.305583756,1.526781327,1.831800263,1.860513293,
1986-10-01,10/01/86,79354.75,0.86,227.3,206.2,6465,24855,8.4,2.306171025,1.388888889,1.307614213,1.533169533,1.831800263,1.860513293,
1986-11-01,11/01/86,79751.59,0.86,229.8,203.67,6465,24855,8.8,2.32270464,1.388888889,1.332994924,1.502088452,1.831800263,1.860513293,
1986-12-01,12/01/86,80338.6,0.86,230.8,202.4,6465,24855,7,2.347161342,1.388888889,1.343147208,1.486486486,1.831800263,1.860513293,
1987-01-01,01/01/87,80829.26,0.9,232.6,199.01,6994,26055,9.7,2.367603797,1.5,1.36142132,1.444840295,2.063512922,1.998618943,
1987-02-01,02/01/87,81336.4,0.9,229.6,196.36,6994,26055,8.5,2.38873286,1.5,1.330964467,1.412285012,2.063512922,1.998618943,
1987-03-01,03/01/87,81762.4,0.9,229.6,191.82,6994,26055,8.5,2.406481374,1.5,1.330964467,1.356511057,2.063512922,1.998618943,
1987-04-01,04/01/87,82402.66,0.9,232.8,189.28,6994,26055,4.5,2.43315664,1.5,1.363451777,1.325307125,2.063512922,1.998618943,
1987-05-01,05/01/87,83131.67,0.9,239.3,194.35,6994,26055,8.2,2.463529513,1.5,1.429441624,1.387592138,2.063512922,1.998618943,
1987-06-01,06/01/87,83979.87,0.9,245.2,198.48,6994,26055,7.7,2.49886822,1.5,1.489340102,1.438329238,2.063512922,1.998618943,
1987-07-01,07/01/87,84694.93,0.9,244,204.83,6994,26055,7.5,2.528659891,1.5,1.47715736,1.516339066,2.063512922,1.998618943,
1987-08-01,08/01/87,85303.5,0.9,241.2,207.58,6994,26055,7.2,2.554014851,1.5,1.448730964,1.55012285,2.063512922,1.998618943,
1987-09-01,09/01/87,85753.59,0.9,241.3,208.32,6994,26055,7.6,2.572767031,1.5,1.449746193,1.559213759,2.063512922,1.998618943,
1987-10-01,10/01/87,86107.32,0.9,241.5,205.68,6994,26055,8.3,2.587504546,1.5,1.45177665,1.526781327,2.063512922,1.998618943,
1987-11-01,11/01/87,86349.48,0.9,242.4,200.17,6994,26055,8.5,2.597593702,1.5,1.460913706,1.459090909,2.063512922,1.998618943,
1987-12-01,12/01/87,86667.71,0.9,241.1,196.36,6994,26055,8.7,2.610852174,1.5,1.447715736,1.412285012,2.063512922,1.998618943,
1988-01-01,01/01/88,86968.19,0.9,238.8,196.05,7166,27291,8.1,2.623371126,1.5,1.424365482,1.408476658,2.138852387,2.140867764,
1988-02-01,02/01/88,87390.38,0.9,242.1,193.72,7166,27291,8.6,2.640960903,1.5,1.45786802,1.37985258,2.138852387,2.140867764,
1988-03-01,03/01/88,87906.4,0.9,244.3,193.93,7166,27291,8.2,2.662459936,1.5,1.480203046,1.382432432,2.138852387,2.140867764,
1988-04-01,04/01/88,88493.41,0.9,245.9,193.51,7166,27291,8.8,2.686916637,1.5,1.496446701,1.377272727,2.138852387,2.140867764,
1988-05-01,05/01/88,89278.21,0.9,248.9,194.25,7166,27291,8.4,2.719613899,1.5,1.526903553,1.386363636,2.138852387,2.140867764,
1988-06-01,06/01/88,90113.73,0.9,255.5,198.8,7166,27291,8.4,2.754424317,1.5,1.593908629,1.442260442,2.138852387,2.140867764,
1988-07-01,07/01/88,90897.26,0.9,254.9,198.27,7166,27291,8.6,2.787068666,1.5,1.587817259,1.435749386,2.138852387,2.140867764,
1988-08-01,08/01/88,91531.18,0.9,253.4,196.26,7166,27291,8.4,2.813479788,1.5,1.572588832,1.411056511,2.138852387,2.140867764,
1988-09-01,09/01/88,92024.38,0.9,255.3,195.62,7166,27291,8.9,2.834028067,1.5,1.591878173,1.403194103,2.138852387,2.140867764,
1988-10-01,10/01/88,92338.8,0.9,253.4,192.13,7166,27291,8.6,2.847127803,1.5,1.572588832,1.36031941,2.138852387,2.140867764,
1988-11-01,11/01/88,92646.89,0.9,256,188.32,7166,27291,8.4,2.859963811,1.5,1.598984772,1.313513514,2.138852387,2.140867764,
1988-12-01,12/01/88,92915.67,0.9,255.6,187.69,7166,27291,8.3,2.87116204,1.5,1.594923858,1.305773956,2.138852387,2.140867764,
1989-01-01,01/01/89,93342.94,1,259.2,191.6,7226,28925,8.5,2.888963466,1.777777778,1.631472081,1.353808354,2.165133596,2.328921625,
1989-02-01,02/01/89,93786.69,1,258.2,189.7,7226,28925,9,2.907451501,1.777777778,1.621319797,1.33046683,2.165133596,2.328921625,
1989-03-01,03/01/89,94347.08,1,264.7,190.12,7226,28925,9.5,2.930799129,1.777777778,1.687309645,1.335626536,2.165133596,2.328921625,
1989-04-01,04/01/89,94927.75,1,265.3,189.91,7226,28925,8.4,2.954991686,1.777777778,1.693401015,1.333046683,2.165133596,2.328921625,
1989-05-01,05/01/89,95471.66,1,266.7,187.37,7226,28925,8.1,2.977652705,1.777777778,1.707614213,1.301842752,2.165133596,2.328921625,
1989-06-01,06/01/89,95978.8,1,268.9,189.49,7226,28925,8.2,2.998781769,1.777777778,1.729949239,1.327886978,2.165133596,2.328921625,
1989-07-01,07/01/89,96417.48,1,269.7,193.4,7226,28925,8.2,3.017058571,1.777777778,1.738071066,1.375921376,2.165133596,2.328921625,
1989-08-01,08/01/89,96710.35,1,268.2,195.31,7226,28925,7.6,3.029260466,1.777777778,1.72284264,1.399385749,2.165133596,2.328921625,
1989-09-01,09/01/89,96897.99,1,266.2,195.1,7226,28925,8.1,3.037078145,1.777777778,1.702538071,1.396805897,2.165133596,2.328921625,
1989-10-01,10/01/89,96981.67,1,265,196.58,7226,28925,8.5,3.040564519,1.777777778,1.69035533,1.414987715,2.165133596,2.328921625,
1989-11-01,11/01/89,97020.97,1,266.4,200.6,7226,28925,8.6,3.042201882,1.777777778,1.704568528,1.464373464,2.165133596,2.328921625,
1989-12-01,12/01/89,96989.28,1,269.4,202.29,7226,28925,7.8,3.040881576,1.777777778,1.735025381,1.485135135,2.165133596,2.328921625,
1990-01-01,01/01/90,97024.78,1.15,274.4,206.42,7256,29781,8,3.042360619,2.194444444,1.785786802,1.535872236,2.178274201,2.427436989,
1990-02-01,02/01/90,97100.85,1.15,271,207.9,7256,29781,8.6,3.045529937,2.194444444,1.751269036,1.554054054,2.178274201,2.427436989,
1990-03-01,03/01/90,97358.22,1.15,272.5,208.43,7256,29781,8.3,3.056252789,2.194444444,1.766497462,1.560565111,2.178274201,2.427436989,
1990-04-01,04/01/90,97676.45,1.15,277.9,212.55,7256,29781,8.8,3.069511262,2.194444444,1.821319797,1.611179361,2.178274201,2.427436989,
1990-05-01,05/01/90,98003.56,1.15,283.6,218.16,7256,29781,8.7,3.083139704,2.194444444,1.879187817,1.68009828,2.178274201,2.427436989,
1990-06-01,06/01/90,98263.47,1.15,282.1,230.75,7256,29781,8.6,3.09396838,2.194444444,1.863959391,1.834766585,2.178274201,2.427436989,
1990-07-01,07/01/90,98329.4,1.15,279.9,235.09,7256,29781,8.7,3.096715233,2.194444444,1.841624365,1.888083538,2.178274201,2.427436989,
1990-08-01,08/01/90,98224.16,1.15,280.6,237.94,7256,29781,8.1,3.092330601,2.194444444,1.848730964,1.923095823,2.178274201,2.427436989,
1990-09-01,09/01/90,97905.93,1.15,280.6,233.61,7256,29781,8.1,3.079072128,2.194444444,1.848730964,1.86990172,2.178274201,2.427436989,
1990-10-01,10/01/90,97505.29,1.15,282.7,236.15,7256,29781,7.8,3.062380192,2.194444444,1.870050761,1.901105651,2.178274201,2.427436989,
1990-11-01,11/01/90,96830.8,1.15,291.6,235.83,7256,29781,7.9,3.034278796,2.194444444,1.960406091,1.897174447,2.178274201,2.427436989,
1990-12-01,12/01/90,96312.25,1.15,295.3,236.15,7256,29781,8.8,3.012674355,2.194444444,1.997969543,1.901105651,2.178274201,2.427436989,
1991-01-01,01/01/91,96113,1.14,294.9,228.63,7359,30148,9.3,3.004372967,2.166666667,1.993908629,1.808722359,2.223390276,2.469674301,
1991-02-01,02/01/91,96478.23,1.14,292.5,228,7359,30148,8.8,3.019589609,2.166666667,1.969543147,1.800982801,2.223390276,2.469674301,
1991-03-01,03/01/91,96756.96,1.14,295.4,226.31,7359,30148,8,3.031202387,2.166666667,1.998984772,1.78022113,2.223390276,2.469674301,
1991-04-01,04/01/91,96737.73,1.14,297.1,223.98,7359,30148,8.6,3.030401204,2.166666667,2.016243655,1.751597052,2.223390276,2.469674301,
1991-05-01,05/01/91,96901.13,1.14,296.1,225.67,7359,30148,8.4,3.037208967,2.166666667,2.006091371,1.772358722,2.223390276,2.469674301,
1991-06-01,06/01/91,97400.91,1.14,292.4,227.05,7359,30148,8.9,3.05803139,2.166666667,1.968527919,1.789312039,2.223390276,2.469674301,
1991-07-01,07/01/91,97362.47,1.14,288.4,230.33,7359,30148,8.2,3.056429857,2.166666667,1.927918782,1.82960688,2.223390276,2.469674301,
1991-08-01,08/01/91,97324.02,1.14,285.4,226.62,7359,30148,8.6,3.054827908,2.166666667,1.897461929,1.784029484,2.223390276,2.469674301,
1991-09-01,09/01/91,97400.91,1.14,280.1,224.19,7359,30148,8.8,3.05803139,2.166666667,1.843654822,1.754176904,2.223390276,2.469674301,
1991-10-01,10/01/91,97621.97,1.14,277.2,219.75,7359,30148,9.3,3.067241452,2.166666667,1.814213198,1.69963145,2.223390276,2.469674301,
1991-11-01,11/01/91,98044.87,1.14,281,217,7359,30148,9,3.08486081,2.166666667,1.852791878,1.665847666,2.223390276,2.469674301,
1991-12-01,12/01/91,98189.04,1.14,279.4,212.55,7359,30148,9.7,3.09086739,2.166666667,1.836548223,1.611179361,2.223390276,2.469674301,
1992-01-01,01/01/92,98237.1,1.13,278.7,210.22,7714,30631,9.4,3.092869722,2.138888889,1.829441624,1.582555283,2.378887429,2.525261825,
1992-02-01,02/01/92,98881.05,1.13,282.5,211.39,7714,30631,9.8,3.119698725,2.138888889,1.868020305,1.596928747,2.378887429,2.525261825,
1992-03-01,03/01/92,98996.39,1.13,285.6,209.7,7714,30631,9.7,3.124504156,2.138888889,1.899492386,1.576167076,2.378887429,2.525261825,
1992-04-01,04/01/92,98909.89,1.13,287.6,205.46,7714,30631,9.9,3.120900291,2.138888889,1.919796954,1.524078624,2.378887429,2.525261825,
1992-05-01,05/01/92,99054.06,1.13,285.8,207.79,7714,30631,9.9,3.126906872,2.138888889,1.901522843,1.552702703,2.378887429,2.525261825,
1992-06-01,06/01/92,99371.23,1.13,287.1,208.53,7714,30631,10.1,3.140121182,2.138888889,1.914720812,1.561793612,2.378887429,2.525261825,
1992-07-01,07/01/92,99649.96,1.13,283.8,212.23,7714,30631,9.6,3.151733959,2.138888889,1.881218274,1.607248157,2.378887429,2.525261825,
1992-08-01,08/01/92,100207.41,1.13,280.1,212.02,7714,30631,9.7,3.174959097,2.138888889,1.843654822,1.604668305,2.378887429,2.525261825,
1992-09-01,09/01/92,100428.47,1.13,284.1,211.18,7714,30631,8.7,3.184169159,2.138888889,1.884263959,1.594348894,2.378887429,2.525261825,
1992-10-01,10/01/92,100620.7,1.13,285.6,209.91,7714,30631,8,3.192178072,2.138888889,1.899492386,1.578746929,2.378887429,2.525261825,
1992-11-01,11/01/92,100832.15,1.13,287.1,207.79,7714,30631,8,3.200987751,2.138888889,1.914720812,1.552702703,2.378887429,2.525261825,
1992-12-01,12/01/92,100428.47,1.13,287.3,207.69,7714,30631,10.6,3.184169159,2.138888889,1.916751269,1.551474201,2.378887429,2.525261825,
1993-01-01,01/01/93,100188.19,1.11,288.4,207.37,8345,31272,8.6,3.174158331,2.083333333,1.927918782,1.547542998,2.655278143,2.59903326,
1993-02-01,02/01/93,99909.46,1.11,292.5,205.15,8345,31272,8.9,3.162545553,2.083333333,1.969543147,1.52027027,2.655278143,2.59903326,
1993-03-01,03/01/93,100495.75,1.11,295.5,205.15,8345,31272,8.9,3.186972258,2.083333333,2,1.52027027,2.655278143,2.59903326,
1993-04-01,04/01/93,101312.71,1.08,299.1,202.5,8345,31272,8.7,3.221009407,2,2.036548223,1.487714988,2.655278143,2.59903326,
1993-05-01,05/01/93,101677.94,1.1,304.2,206.1,8345,31272,8.3,3.236226049,2.055555556,2.088324873,1.531941032,2.655278143,2.59903326,
1993-06-01,06/01/93,102446.85,1.1,297.9,207.9,8345,31272,7.8,3.268261283,2.055555556,2.024365482,1.554054054,2.655278143,2.59903326,
1993-07-01,07/01/93,102446.85,1.08,296.7,211.81,8345,31272,7.6,3.268261283,2,2.012182741,1.602088452,2.655278143,2.59903326,
1993-08-01,08/01/93,102927.41,1.06,290.9,210.22,8345,31272,7.7,3.28828294,1.944444444,1.953299492,1.582555283,2.655278143,2.59903326,
1993-09-01,09/01/93,103081.19,1.05,288.4,213.29,8345,31272,6.9,3.294689903,1.916666667,1.927918782,1.62027027,2.655278143,2.59903326,
1993-10-01,10/01/93,103196.53,1.09,288.5,212.87,8345,31272,6.3,3.299495334,2.027777778,1.92893401,1.615110565,2.655278143,2.59903326,
1993-11-01,11/01/93,103417.59,1.07,291,213.82,8345,31272,6.3,3.308705396,1.972222222,1.954314721,1.626781327,2.655278143,2.59903326,
1993-12-01,12/01/93,103590.59,1.01,288.2,212.76,8345,31272,9.1,3.315913126,1.805555556,1.925888325,1.613759214,2.655278143,2.59903326,
1994-01-01,01/01/94,103523.31,1,286.8,212.87,8595,32385,7.1,3.313110027,1.777777778,1.911675127,1.615110565,2.76478318,2.727126252,
1994-02-01,02/01/94,103667.48,1.01,284.9,211.49,8595,32385,6.5,3.319116607,1.805555556,1.892385787,1.598157248,2.76478318,2.727126252,
1994-03-01,03/01/94,104349.88,1.01,288.3,213.08,8595,32385,6.8,3.34754756,1.805555556,1.926903553,1.617690418,2.76478318,2.727126252,
1994-04-01,04/01/94,104878.51,1.03,287.1,210.22,8595,32385,6.4,3.369571965,1.861111111,1.914720812,1.582555283,2.76478318,2.727126252,
1994-05-01,05/01/94,105435.96,1.05,288.1,210.33,8595,32385,7.6,3.392797103,1.916666667,1.924873096,1.583906634,2.76478318,2.727126252,
1994-06-01,06/01/94,106012.64,1.08,283.3,210.54,8595,32385,6.9,3.416823424,2,1.876142132,1.586486486,2.76478318,2.727126252,
1994-07-01,07/01/94,106108.75,1.11,280.1,212.13,8595,32385,7,3.420827672,2.083333333,1.843654822,1.606019656,2.76478318,2.727126252,
1994-08-01,08/01/94,106416.31,1.16,278.4,210.65,8595,32385,6.5,3.433641599,2.222222222,1.826395939,1.587837838,2.76478318,2.727126252,
1994-09-01,09/01/94,106272.14,1.14,280,208.74,8595,32385,6.8,3.427635019,2.166666667,1.842639594,1.564373464,2.76478318,2.727126252,
1994-10-01,10/01/94,106368.26,1.11,277.9,208.74,8595,32385,7.1,3.431639684,2.083333333,1.821319797,1.564373464,2.76478318,2.727126252,
1994-11-01,11/01/94,106464.37,1.12,280.2,206.31,8595,32385,7,3.435643931,2.111111111,1.844670051,1.534520885,2.76478318,2.727126252,
1994-12-01,12/01/94,106156.81,1.13,279.4,199.33,8595,32385,7.2,3.422830005,2.138888889,1.836548223,1.448771499,2.76478318,2.727126252,
1995-01-01,01/01/95,106156.81,1.13,282.6,202.5,8839,34106,7.5,3.422830005,2.138888889,1.869035533,1.487714988,2.871660096,2.925192772,
1995-02-01,02/01/95,106627.76,1.12,284.3,200.91,8839,34106,7.8,3.442451278,2.111111111,1.886294416,1.468181818,2.871660096,2.925192772,
1995-03-01,03/01/95,106887.27,1.12,284.7,204.72,8839,34106,7.5,3.453263289,2.111111111,1.89035533,1.514987715,2.871660096,2.925192772,
1995-04-01,04/01/95,107348.61,1.16,283.7,201.65,8839,34106,6.9,3.472484179,2.222222222,1.880203046,1.477272727,2.871660096,2.925192772,
1995-05-01,05/01/95,107752.28,1.23,282.2,202.08,8839,34106,7.1,3.489302354,2.416666667,1.864974619,1.482555283,2.871660096,2.925192772,
1995-06-01,06/01/95,108511.58,1.24,283.4,199.96,8839,34106,6.7,3.520937205,2.444444444,1.87715736,1.456511057,2.871660096,2.925192772,
1995-07-01,07/01/95,109011.36,1.2,287.4,202.5,8839,34106,7.1,3.541759628,2.333333333,1.917766497,1.487714988,2.871660096,2.925192772,
1995-08-01,08/01/95,109338.15,1.17,284.4,208.74,8839,34106,6.7,3.555374737,2.25,1.887309645,1.564373464,2.871660096,2.925192772,
1995-09-01,09/01/95,109261.26,1.16,283.5,209.48,8839,34106,6.8,3.552171256,2.222222222,1.878172589,1.573464373,2.871660096,2.925192772,
1995-10-01,10/01/95,109117.09,1.13,285.3,214.14,8839,34106,7.1,3.546164675,2.138888889,1.896446701,1.630712531,2.871660096,2.925192772,
1995-11-01,11/01/95,109184.37,1.11,286.4,212.45,8839,34106,6.6,3.548967774,2.083333333,1.907614213,1.60995086,2.871660096,2.925192772,
1995-12-01,12/01/95,109318.93,1.12,284.1,213.93,8839,34106,6.1,3.554573971,2.111111111,1.884263959,1.628132678,2.871660096,2.925192772,
1996-01-01,01/01/96,109405.43,1.14,281.5,212.76,9223,35486,6.7,3.558177836,2.166666667,1.85786802,1.613759214,3.039859834,3.084014271,
1996-02-01,02/01/96,109520.76,1.14,278.8,220.28,9223,35486,6.7,3.56298285,2.166666667,1.830456853,1.706142506,3.039859834,3.084014271,
1996-03-01,03/01/96,110337.72,1.18,275.8,221.86,9223,35486,6.6,3.59702,2.277777778,1.8,1.725552826,3.039859834,3.084014271,
1996-04-01,04/01/96,110856.73,1.28,279.3,220.7,9223,35486,5.7,3.618643605,2.555555556,1.835532995,1.711302211,3.039859834,3.084014271,
1996-05-01,05/01/96,111423.8,1.32,276.6,225.99,9223,35486,6.7,3.642269543,2.666666667,1.808121827,1.776289926,3.039859834,3.084014271,
1996-06-01,06/01/96,111913.98,1.3,276.3,235.41,9223,35486,7.1,3.662692,2.611111111,1.805076142,1.892014742,3.039859834,3.084014271,
1996-07-01,07/01/96,112279.21,1.27,277.6,238.79,9223,35486,6.7,3.677908642,2.527777778,1.818274112,1.933538084,3.039859834,3.084014271,
1996-08-01,08/01/96,112298.43,1.25,281.1,244.82,9223,35486,6.6,3.678709408,2.472222222,1.853807107,2.007616708,3.039859834,3.084014271,
1996-09-01,09/01/96,112240.76,1.25,280.7,247.78,9223,35486,6.7,3.676306693,2.472222222,1.849746193,2.043980344,3.039859834,3.084014271,
1996-10-01,10/01/96,112125.43,1.25,281.9,246.51,9223,35486,6.4,3.671501678,2.472222222,1.861928934,2.028378378,3.039859834,3.084014271,
1996-11-01,11/01/96,112269.6,1.28,285.9,245.03,9223,35486,6.4,3.677508259,2.555555556,1.902538071,2.01019656,3.039859834,3.084014271,
1996-12-01,12/01/96,112269.6,1.28,287.3,244.61,9223,35486,6.4,3.677508259,2.555555556,1.916751269,2.005036855,3.039859834,3.084014271,
1997-01-01,01/01/97,112106.2,1.28,281.7,246.2,9915,37177,6.2,3.670700496,2.555555556,1.859898477,2.024570025,3.342969777,3.278628151,
1997-02-01,02/01/97,112375.32,1.28,278.6,244.72,9915,37177,6.2,3.68191289,2.555555556,1.828426396,2.006388206,3.342969777,3.278628151,
1997-03-01,03/01/97,113288.39,1.25,276.1,242.18,9915,37177,6.4,3.719954287,2.472222222,1.803045685,1.975184275,3.342969777,3.278628151,
1997-04-01,04/01/97,113740.12,1.24,279,239.64,9915,37177,6.5,3.738774794,2.444444444,1.83248731,1.943980344,3.342969777,3.278628151,
1997-05-01,05/01/97,114528.25,1.25,280.3,242.28,9915,37177,6.8,3.771610794,2.472222222,1.845685279,1.976412776,3.342969777,3.278628151,
1997-06-01,06/01/97,114951.15,1.24,277.6,247.25,9915,37177,6.6,3.789230152,2.444444444,1.818274112,2.037469287,3.342969777,3.278628151,
1997-07-01,07/01/97,115229.88,1.22,279.2,246.2,9915,37177,6.1,3.800842929,2.388888889,1.834517766,2.024570025,3.342969777,3.278628151,
1997-08-01,08/01/97,115633.55,1.27,281,249.69,9915,37177,6,3.817661104,2.527777778,1.852791878,2.067444717,3.342969777,3.278628151,
1997-09-01,09/01/97,115441.32,1.28,283,248.31,9915,37177,6.2,3.809652192,2.555555556,1.873096447,2.0504914,3.342969777,3.278628151,
1997-10-01,10/01/97,115806.55,1.24,279,248.52,9915,37177,6.2,3.824868834,2.444444444,1.83248731,2.053071253,3.342969777,3.278628151,
1997-11-01,11/01/97,115969.95,1.22,278,244.72,9915,37177,6.4,3.831676597,2.388888889,1.822335025,2.006388206,3.342969777,3.278628151,
1997-12-01,12/01/97,116008.39,1.18,280.9,239.95,9915,37177,6.4,3.83327813,2.277777778,1.85177665,1.947788698,3.342969777,3.278628151,
1998-01-01,01/01/98,116181.39,1.13,275.3,248.42,10157,38967,7.4,3.840485859,2.138888889,1.794923858,2.051842752,3.378449409,3.484635746,
1998-02-01,02/01/98,116988.74,1.1,272,248.1,10157,38967,7.4,3.874122626,2.055555556,1.76142132,2.047911548,3.378449409,3.484635746,
1998-03-01,03/01/98,117824.93,1.06,273.1,240.4,10157,38967,7.5,3.908960958,1.944444444,1.772588832,1.953316953,3.378449409,3.484635746,
1998-04-01,04/01/98,118651.5,1.08,278.2,235.6,10157,38967,7.2,3.94339849,2,1.824365482,1.894348894,3.378449409,3.484635746,
1998-05-01,05/01/98,119535.74,1.11,277.4,240.6,10157,38967,6.9,3.980238738,2.083333333,1.816243655,1.955773956,3.378449409,3.484635746,
1998-06-01,06/01/98,120689.09,1.1,278.7,243.1,10157,38967,6.8,4.028290964,2.055555556,1.829441624,1.986486486,3.378449409,3.484635746,
1998-07-01,07/01/98,120958.21,1.09,278.5,245.1,10157,38967,6.9,4.039503358,2.027777778,1.827411168,2.011056511,3.378449409,3.484635746,
1998-08-01,08/01/98,121400.33,1.07,279.4,245,10157,38967,6.8,4.057923482,1.972222222,1.836548223,2.00982801,3.378449409,3.484635746,
1998-09-01,09/01/98,121861.67,1.05,274.2,244.7,10157,38967,6.4,4.077144372,1.916666667,1.783756345,2.006142506,3.378449409,3.484635746,
1998-10-01,10/01/98,122111.57,1.06,275,242.2,10157,38967,6.2,4.087556001,1.944444444,1.791878173,1.975429975,3.378449409,3.484635746,
1998-11-01,11/01/98,122640.19,1.04,280,241,10157,38967,6.3,4.109579989,1.888888889,1.842639594,1.960687961,3.378449409,3.484635746,
1998-12-01,12/01/98,122851.64,0.99,283.6,238.1,10157,38967,5.8,4.118389668,1.75,1.879187817,1.925061425,3.378449409,3.484635746,
1999-01-01,01/01/99,123303.37,0.98,279.1,233.4,10136,40750,6.4,4.137210175,1.722222222,1.833502538,1.867321867,3.378449409,3.689837726,
1999-02-01,02/01/99,123755.1,0.96,278,236.9,10136,40750,6.3,4.156030682,1.666666667,1.822335025,1.91031941,3.378449409,3.689837726,
1999-03-01,03/01/99,124783.51,1.02,276.9,237.1,10136,40750,6,4.198877511,1.833333333,1.811167513,1.912776413,3.378449409,3.689837726,
1999-04-01,04/01/99,125715.8,1.17,283.9,234.8,10136,40750,5,4.237719674,2.25,1.882233503,1.884520885,3.378449409,3.689837726,
1999-05-01,05/01/99,126936.44,1.17,283.2,239.2,10136,40750,4.8,4.288575415,2.25,1.875126904,1.938574939,3.378449409,3.689837726,
1999-06-01,06/01/99,127936.01,1.15,287.2,241.2,10136,40750,4.7,4.330220677,2.194444444,1.915736041,1.963144963,3.378449409,3.689837726,
1999-07-01,07/01/99,128599.19,1.2,289.3,244.3,10136,40750,4.8,4.357850863,2.333333333,1.937055838,2.001228501,3.378449409,3.689837726,
1999-08-01,08/01/99,129281.6,1.26,289,246.8,10136,40750,4.7,4.386282232,2.5,1.934010152,2.031941032,3.378449409,3.689837726,
1999-09-01,09/01/99,129358.49,1.3,289.36,248.15,10136,40750,4.1,4.389485714,2.611111111,1.937664975,2.048525799,3.378449409,3.689837726,
1999-10-01,10/01/99,129867.89,1.29,295.4,244.7,10136,40750,4.4,4.410708936,2.583333333,1.998984772,2.006142506,3.378449409,3.689837726,
1999-11-01,11/01/99,130069.72,1.29,300.01,244.67,10136,40750,4.6,4.419117816,2.583333333,2.045786802,2.005773956,3.378449409,3.689837726,
1999-12-01,12/01/99,130329.23,1.31,301.75,246.09,10136,40750,4.2,4.429929827,2.638888889,2.063451777,2.023218673,3.378449409,3.689837726,
2000-01-01,01/01/00,131626.75,1.33,294.73,245.68,9990,42233,5,4.483988633,2.694444444,1.992182741,2.018181818,3.342969777,3.860513293,
2000-02-01,02/01/00,131386.47,1.42,293.64,250.97,9990,42233,4.5,4.473977804,2.944444444,1.981116751,2.083169533,3.342969777,3.860513293,
2000-03-01,03/01/00,132905.06,1.56,297.88,252.81,9990,42233,4.3,4.537247089,3.333333333,2.024162437,2.105773956,3.342969777,3.860513293,
2000-04-01,04/01/00,134154.53,1.51,305.4,255.5,9990,42233,4.8,4.589303979,3.194444444,2.100507614,2.138820639,3.342969777,3.860513293,
2000-05-01,05/01/00,135230.99,1.53,308.78,256.23,9990,42233,4.8,4.634152723,3.25,2.134822335,2.147788698,3.342969777,3.860513293,
2000-06-01,06/01/00,136595.8,1.67,311.54,260.32,9990,42233,4.8,4.691015044,3.638888889,2.16284264,2.198034398,3.342969777,3.860513293,
2000-07-01,07/01/00,137287.81,1.59,309.99,262.29,9990,42233,5.1,4.71984638,3.416666667,2.147106599,2.222235872,3.342969777,3.860513293,
2000-08-01,08/01/00,137710.71,1.51,309.92,265.63,9990,42233,5.2,4.737465737,3.194444444,2.146395939,2.263267813,3.342969777,3.860513293,
2000-09-01,09/01/00,138297,1.59,313.01,265,9990,42233,4.5,4.761892442,3.416666667,2.177766497,2.255528256,3.342969777,3.860513293,
2000-10-01,10/01/00,138729.5,1.57,311.82,262.14,9990,42233,4.8,4.779911766,3.361111111,2.165685279,2.22039312,3.342969777,3.860513293,
2000-11-01,11/01/00,139171.62,1.56,310.28,259.28,9990,42233,4.7,4.79833189,3.333333333,2.150050761,2.185257985,3.342969777,3.860513293,
2000-12-01,12/01/00,139604.13,1.48,310.07,262.54,9990,42233,4.4,4.816351631,3.111111111,2.147918782,2.225307125,3.342969777,3.860513293,
2001-01-01,01/01/01,140200.03,1.49,321.35,260.6,9996,42629,4.9,4.841178718,3.138888889,2.262436548,2.201474201,3.378449409,3.906088157,
2001-02-01,02/01/01,141113.11,1.49,334.21,261.54,9996,42629,5,4.879220532,3.138888889,2.392994924,2.213022113,3.378449409,3.906088157,
2001-03-01,03/01/01,142381.8,1.45,334.3,265.42,9996,42629,5.3,4.932078188,3.027777778,2.393908629,2.260687961,3.378449409,3.906088157,
2001-04-01,04/01/01,143612.04,1.59,343.2,263.33,9996,42629,5.1,4.983333896,3.416666667,2.484263959,2.235012285,3.378449409,3.906088157,
2001-05-01,05/01/01,144784.62,1.74,343.82,266.95,9996,42629,4.5,5.032187304,3.833333333,2.490558376,2.279484029,3.378449409,3.906088157,
2001-06-01,06/01/01,145986.04,1.66,347.64,270.89,9996,42629,4.4,5.082242279,3.611111111,2.529340102,2.327886978,3.378449409,3.906088157,
2001-07-01,07/01/01,146812.61,1.47,345.4,270.47,9996,42629,5.6,5.116679811,3.083333333,2.506598985,2.322727273,3.378449409,3.906088157,
2001-08-01,08/01/01,147360.45,1.46,339.33,276.33,9996,42629,6.6,5.139504566,3.055555556,2.444974619,2.394717445,3.378449409,3.906088157,
2001-09-01,09/01/01,147879.46,1.56,337.63,278.08,9996,42629,7,5.161128172,3.333333333,2.427715736,2.416216216,3.378449409,3.906088157,
2001-10-01,10/01/01,148446.53,1.36,337.97,276.43,9996,42629,3.1,5.18475411,2.777777778,2.431167513,2.395945946,3.378449409,3.906088157,
2001-11-01,11/01/01,148417.69,1.21,337.63,271.26,9996,42629,3.5,5.183552544,2.361111111,2.427715736,2.332432432,3.378449409,3.906088157,
2001-12-01,12/01/01,148927.09,1.13,330.33,271.45,9996,42629,3.8,5.204775767,2.138888889,2.353604061,2.334766585,3.378449409,3.906088157,
2002-01-01,01/01/02,149426.88,1.15,330.79,270.75,10244,42802,5.7,5.225598606,2.194444444,2.358274112,2.326167076,3.487078406,3.925998389,
2002-02-01,02/01/02,150301.51,1.16,330.46,271.72,10244,42802,5.5,5.262038471,2.222222222,2.354923858,2.338083538,3.487078406,3.925998389,
2002-03-01,03/01/02,151772.04,1.29,329.76,270.3,10244,42802,5.6,5.323305423,2.583333333,2.347817259,2.320638821,3.487078406,3.925998389,
2002-04-01,04/01/02,153021.51,1.44,333.5,266.69,10244,42802,5.5,5.375362313,3,2.385786802,2.276289926,3.487078406,3.925998389,
2002-05-01,05/01/02,154684.26,1.43,333.54,269.88,10244,42802,6.2,5.444637762,2.972222222,2.386192893,2.315479115,3.487078406,3.925998389,
2002-06-01,06/01/02,156193.24,1.42,329.96,266.62,10244,42802,6.2,5.507506663,2.944444444,2.349847716,2.275429975,3.487078406,3.925998389,
2002-07-01,07/01/02,157221.65,1.44,328.86,264.16,10244,42802,5.4,5.550353491,3,2.338680203,2.245208845,3.487078406,3.925998389,
2002-08-01,08/01/02,158086.66,1.44,334.5,266.6,10244,42802,5.4,5.586392556,3,2.395939086,2.275184275,3.487078406,3.925998389,
2002-09-01,09/01/02,158769.06,1.44,329.36,261.63,10244,42802,5.9,5.614823509,3,2.343756345,2.214127764,3.487078406,3.925998389,
2002-10-01,10/01/02,159509.13,1.49,325.81,260.95,10244,42802,5.8,5.645657176,3.138888889,2.307715736,2.205773956,3.487078406,3.925998389,
2002-11-01,11/01/02,159855.14,1.46,334.04,259.13,10244,42802,5.8,5.660073052,3.055555556,2.391269036,2.183415233,3.487078406,3.925998389,
2002-12-01,12/01/02,160499.1,1.43,337.76,260.59,10244,42802,5.4,5.686902472,2.972222222,2.429035533,2.201351351,3.487078406,3.925998389,
2003-01-01,01/01/03,161008.5,1.5,339.75,258.17,10655,43588,5.4,5.708125694,3.166666667,2.449238579,2.171621622,3.667104687,4.01645759,
2003-02-01,02/01/03,162075.35,1.66,347.95,262.61,10655,43588,5.3,5.752574055,3.611111111,2.53248731,2.226167076,3.667104687,4.01645759,
2003-03-01,03/01/03,163199.87,1.73,356.77,261.83,10655,43588,5,5.799425131,3.805555556,2.622030457,2.216584767,3.667104687,4.01645759,
2003-04-01,04/01/03,164708.85,1.63,364.8,263.85,10655,43588,5.1,5.862294033,3.527777778,2.703553299,2.241400491,3.667104687,4.01645759,
2003-05-01,05/01/03,166342.77,1.54,361.38,258.46,10655,43588,5.5,5.930368332,3.277777778,2.668832487,2.175184275,3.667104687,4.01645759,
2003-06-01,06/01/03,167697.96,1.53,365.56,264.42,10655,43588,5.3,5.986829853,3.25,2.711269036,2.248402948,3.667104687,4.01645759,
2003-07-01,07/01/03,168995.49,1.55,365.38,266.33,10655,43588,6.1,6.040889076,3.305555556,2.709441624,2.271867322,3.667104687,4.01645759,
2003-08-01,08/01/03,170091.18,1.66,373.47,270.64,10655,43588,5.9,6.086539002,3.611111111,2.791573604,2.324815725,3.667104687,4.01645759,
2003-09-01,09/01/03,171138.81,1.72,370.85,272.6,10655,43588,5.1,6.130186597,3.777777778,2.764974619,2.348894349,3.667104687,4.01645759,
2003-10-01,10/01/03,171705.87,1.61,393.31,270.46,10655,43588,5.3,6.153812118,3.472222222,2.992994924,2.322604423,3.667104687,4.01645759,
2003-11-01,11/01/03,172436.33,1.56,431.72,272.17,10655,43588,5.3,6.184245403,3.333333333,3.382944162,2.343611794,3.667104687,4.01645759,
2003-12-01,12/01/03,173272.52,1.52,424.3,268.01,10655,43588,5.2,6.219083735,3.222222222,3.307614213,2.292506143,3.667104687,4.01645759,
2004-01-01,01/01/04,173772.3,1.61,400.52,269.29,11352,44411,4.9,6.239906158,3.472222222,3.066192893,2.308230958,3.922908454,4.111175049,
2004-02-01,02/01/04,175252.44,1.69,398.89,269.05,11352,44411,4.9,6.301573493,3.694444444,3.04964467,2.305282555,3.922908454,4.111175049,
2004-03-01,03/01/04,177184.32,1.78,397.08,269.6,11352,44411,4.7,6.382061752,3.944444444,3.031269036,2.312039312,3.922908454,4.111175049,
2004-04-01,04/01/04,179279.58,1.84,405.67,271.33,11352,44411,5.1,6.469356941,4.111111111,3.118477157,2.333292383,3.922908454,4.111175049,
2004-05-01,05/01/04,181826.57,2.02,405.49,276.23,11352,44411,5.1,6.575472637,4.611111111,3.116649746,2.393488943,3.922908454,4.111175049,
2004-06-01,06/01/04,184306.29,2.01,417.29,282.97,11352,44411,5.6,6.678785652,4.583333333,3.236446701,2.476289926,3.922908454,4.111175049,
2004-07-01,07/01/04,185834.49,1.95,417.9,284.74,11352,44411,5,6.742455319,4.416666667,3.242639594,2.498034398,3.922908454,4.111175049,
2004-08-01,08/01/04,187074.34,1.92,411.3,288.55,11352,44411,5,6.79411141,4.333333333,3.175634518,2.544840295,3.922908454,4.111175049,
2004-09-01,09/01/04,188121.97,1.91,408.22,289.76,11352,44411,4.4,6.837759004,4.305555556,3.144365482,2.55970516,3.922908454,4.111175049,
2004-10-01,10/01/04,188996.6,2.04,402.06,288.73,11352,44411,4.3,6.874198869,4.666666667,3.081827411,2.547051597,3.922908454,4.111175049,
2004-11-01,11/01/04,189986.57,2.02,405.71,281.11,11352,44411,3.8,6.915444165,4.611111111,3.118883249,2.453439803,3.922908454,4.111175049,
2004-12-01,12/01/04,190928.47,1.89,408.05,278.68,11352,44411,6.6,6.954686712,4.25,3.142639594,2.423587224,3.922908454,4.111175049,
2005-01-01,01/01/05,191553.21,1.88,408.46,283.38,11551,46301,3.2,6.980715365,4.222222222,3.14680203,2.481326781,4.032851511,4.328691449,
2005-02-01,02/01/05,193244.8,1.95,412.75,283.99,11551,46301,2.9,7.051192379,4.416666667,3.19035533,2.488820639,4.032851511,4.328691449,
2005-03-01,03/01/05,195993.63,2.12,421.42,281.17,11551,46301,3.1,7.165717371,4.888888889,3.278375635,2.454176904,4.032851511,4.328691449,
2005-04-01,04/01/05,198492.57,2.29,425.51,284.91,11551,46301,2.7,7.269831152,5.361111111,3.319898477,2.50012285,4.032851511,4.328691449,
2005-05-01,05/01/05,201097.23,2.21,426.1,289.26,11551,46301,3.2,7.378349563,5.138888889,3.325888325,2.553562654,4.032851511,4.328691449,
2005-06-01,06/01/05,203548.11,2.2,418.43,286.05,11551,46301,2.6,7.480461011,5.111111111,3.248020305,2.514127764,4.032851511,4.328691449,
2005-07-01,07/01/05,205499.21,2.33,399.31,284.03,11551,46301,2.1,7.561750037,5.472222222,3.053908629,2.489312039,4.032851511,4.328691449,
2005-08-01,08/01/05,206892.84,2.53,399.15,282.1,11551,46301,2.6,7.619813091,6.027777778,3.052284264,2.465601966,4.032851511,4.328691449,
2005-09-01,09/01/05,208209.59,2.95,392.42,282.6,11551,46301,2.7,7.674673079,7.194444444,2.983959391,2.471744472,4.032851511,4.328691449,
2005-10-01,10/01/05,208728.6,2.77,397.59,279.23,11551,46301,2.9,7.696296685,6.694444444,3.036446701,2.43034398,4.032851511,4.328691449,
2005-11-01,11/01/05,209276.45,2.3,401.86,277,11551,46301,3.2,7.719121857,5.388888889,3.079796954,2.402948403,4.032851511,4.328691449,
2005-12-01,12/01/05,209670.51,2.23,406.03,278.61,11551,46301,3.1,7.735539649,5.194444444,3.12213198,2.422727273,4.032851511,4.328691449,
2006-01-01,01/01/06,210141.46,2.36,406.92,276.29,11656,48223,3.7,7.755160922,5.555555556,3.131167513,2.394226044,4.078405607,4.549890666,
2006-02-01,02/01/06,211073.76,2.33,405.87,279.63,11656,48223,3.9,7.794003502,5.472222222,3.120507614,2.435257985,4.078405607,4.549890666,
2006-03-01,03/01/06,212659.62,2.47,401.11,276.29,11656,48223,4.1,7.860075469,5.861111111,3.072182741,2.394226044,4.078405607,4.549890666,
2006-04-01,04/01/06,214043.65,2.79,402.05,279.61,11656,48223,3.8,7.917738556,6.75,3.081725888,2.435012285,4.078405607,4.549890666,
2006-05-01,05/01/06,215735.24,2.95,395.12,276.61,11656,48223,3.6,7.98821557,7.194444444,3.011370558,2.398157248,4.078405607,4.549890666,
2006-06-01,06/01/06,216504.14,2.93,392.14,279.92,11656,48223,3.7,8.020250387,7.138888889,2.981116751,2.438820639,4.078405607,4.549890666,
2006-07-01,07/01/06,216235.03,3.03,387.79,284.22,11656,48223,3.1,8.00903841,7.416666667,2.936954315,2.491646192,4.078405607,4.549890666,
2006-08-01,08/01/06,216734.82,3,397.59,285,11656,48223,3.3,8.029861249,7.333333333,3.036446701,2.501228501,4.078405607,4.549890666,
2006-09-01,09/01/06,215985.13,2.61,392.62,288.22,11656,48223,3.2,7.998626782,6.25,2.985989848,2.540786241,4.078405607,4.549890666,
2006-10-01,10/01/06,215591.07,2.29,394.68,286.62,11656,48223,3.2,7.98220899,5.361111111,3.006903553,2.521130221,4.078405607,4.549890666,
2006-11-01,11/01/06,215312.34,2.28,396.3,279.51,11656,48223,3.6,7.970596213,5.333333333,3.023350254,2.433783784,4.078405607,4.549890666,
2006-12-01,12/01/06,214399.27,2.36,392.09,276.82,11656,48223,3.5,7.932554815,5.555555556,2.980609137,2.400737101,4.078405607,4.549890666,
2007-01-01,01/01/07,214274.32,2.29,393.95,280.24,11552,49968,3.2,7.927349001,5.361111111,2.999492386,2.442751843,4.032851511,4.7507193,
2007-02-01,02/01/07,214927.89,2.32,404.97,279.73,11552,49968,3.6,7.954578804,5.444444444,3.111370558,2.436486486,4.032851511,4.7507193,
2007-03-01,03/01/07,216609.87,2.61,418.4,282.46,11552,49968,3.9,8.024655435,6.25,3.247715736,2.47002457,4.032851511,4.7507193,
2007-04-01,04/01/07,217744,2.89,428.47,281.34,11552,49968,3.8,8.071906894,7.027777778,3.349949239,2.456265356,4.032851511,4.7507193,
2007-05-01,05/01/07,218003.51,3.19,429.75,287.35,11552,49968,3.6,8.082718906,7.861111111,3.362944162,2.53009828,4.032851511,4.7507193,
2007-06-01,06/01/07,217955.45,3.1,421.47,290.88,11552,49968,3.5,8.080716573,7.611111111,3.278883249,2.573464373,4.032851511,4.7507193,
2007-07-01,07/01/07,216725.2,3.01,414.28,293.64,11552,49968,3.4,8.029460449,7.361111111,3.205888325,2.607371007,4.032851511,4.7507193,
2007-08-01,08/01/07,215543.01,2.83,415.9,293.13,11552,49968,3.1,7.980206658,6.861111111,3.222335025,2.601105651,4.032851511,4.7507193,
2007-09-01,09/01/07,213899.48,2.85,422.7,290.61,11552,49968,3.1,7.911731976,6.916666667,3.291370558,2.57014742,4.032851511,4.7507193,
2007-10-01,10/01/07,211602.38,2.85,412.97,292.93,11552,49968,3,7.816027491,6.916666667,3.192588832,2.598648649,4.032851511,4.7507193,
2007-11-01,11/01/07,209199.56,3.13,415.89,286.34,11552,49968,2.8,7.715918375,7.694444444,3.222233503,2.517690418,4.032851511,4.7507193,
2007-12-01,12/01/07,207017.79,3.07,411.3,285.94,11552,49968,3.2,7.625018905,7.527777778,3.175634518,2.512776413,4.032851511,4.7507193,
2008-01-01,01/01/08,204403.52,3.1,410.03,285.56,10994,50132,3.2,7.51610011,7.611111111,3.162741117,2.508108108,3.815593517,4.769593739,
2008-02-01,02/01/08,203692.28,3.08,418.62,282.53,10994,50132,3.6,7.486467592,7.555555556,3.249949239,2.470884521,3.815593517,4.769593739,
2008-03-01,03/01/08,202635.04,3.29,420.5,283.31,10994,50132,3.4,7.442419614,8.138888889,3.269035533,2.48046683,3.815593517,4.769593739,
2008-04-01,04/01/08,201625.85,3.51,417.19,285.85,10994,50132,2.9,7.400373552,8.75,3.235431472,2.511670762,3.815593517,4.769593739,
2008-05-01,05/01/08,200732,3.82,424.15,290.34,10994,50132,7.3,7.363132921,9.611111111,3.306091371,2.566830467,3.815593517,4.769593739,
2008-06-01,06/01/08,200261.05,4.11,429.56,293.25,10994,50132,5.1,7.343511648,10.41666667,3.361015228,2.602579853,3.815593517,4.769593739,
2008-07-01,07/01/08,198281.12,4.11,434,296.17,10994,50132,4,7.261021473,10.41666667,3.406091371,2.638452088,3.815593517,4.769593739,
2008-08-01,08/01/08,196003.24,3.83,452.57,301.7,10994,50132,3.5,7.166117754,9.638888889,3.594619289,2.706388206,3.815593517,4.769593739,
2008-09-01,09/01/08,193485.08,3.76,450.87,302.61,10994,50132,4.3,7.061203208,9.444444444,3.577360406,2.717567568,3.815593517,4.769593739,
2008-10-01,10/01/08,191389.82,3.11,451.12,301.7,10994,50132,5.2,6.973908019,7.638888889,3.579898477,2.706388206,3.815593517,4.769593739,
2008-11-01,11/01/08,187180.07,2.21,443.29,300.26,10994,50132,6.3,6.798516458,5.138888889,3.500406091,2.688697789,3.815593517,4.769593739,
2008-12-01,12/01/08,185498.09,1.75,437.52,300.52,10994,50132,6.2,6.728439826,3.861111111,3.441827411,2.691891892,3.815593517,4.769593739,
2009-01-01,01/01/09,186142.05,1.84,432.26,299.64,11239,49534,6.2,6.755269246,4.111111111,3.388426396,2.681081081,3.922908454,4.549890666,
2009-02-01,02/01/09,186872.51,1.98,436.76,296.12,11239,49534,5.6,6.785702531,4.5,3.434111675,2.637837838,3.922908454,4.549890666,
2009-03-01,03/01/09,185267.42,2.01,429.99,294.24,11239,49534,5.9,6.718829381,4.583333333,3.365380711,2.614742015,3.922908454,4.549890666,
2009-04-01,04/01/09,185401.98,2.1,427.32,291.39,11239,49534,6.6,6.724435579,4.833333333,3.338274112,2.57972973,3.922908454,4.549890666,
2009-05-01,05/01/09,186728.34,2.32,433.47,295.41,11239,49534,7.9,6.77969595,5.444444444,3.40071066,2.629115479,3.922908454,4.549890666,
2009-06-01,06/01/09,187478.02,2.68,427.67,295.39,11239,49534,6.2,6.810930001,6.444444444,3.341827411,2.628869779,3.922908454,4.549890666,
2009-07-01,07/01/09,186805.23,2.58,417.94,295.73,11239,49534,5.5,6.782899432,6.166666667,3.243045685,2.633046683,3.922908454,4.549890666,
2009-08-01,08/01/09,186161.27,2.67,421.6,293.37,11239,49534,4.5,6.756070012,6.416666667,3.280203046,2.604054054,3.922908454,4.549890666,
2009-09-01,09/01/09,185132.86,2.61,413.17,290.6,11239,49534,5.6,6.713223184,6.25,3.194619289,2.57002457,3.922908454,4.549890666,
2009-10-01,10/01/09,185017.53,2.61,414.54,288.01,11239,49534,5.2,6.70841817,6.25,3.208527919,2.538206388,3.922908454,4.549890666,
2009-11-01,11/01/09,184863.74,2.71,430.42,281.78,11239,49534,5.6,6.70201079,6.527777778,3.369746193,2.461670762,3.922908454,4.549890666,
2009-12-01,12/01/09,181711.24,2.66,428.09,282,11239,49534,5.6,6.570667623,6.388888889,3.346091371,2.464373464,3.922908454,4.549890666,
2010-01-01,01/01/10,180798.16,2.77,417.27,287.77,11490,49167,5.9,6.532625809,6.694444444,3.236243655,2.535257985,4.032851511,4.549890666,
2010-02-01,02/01/10,180375.27,2.7,418.55,291.71,11490,49167,5.6,6.515006868,6.5,3.249238579,2.583660934,4.032851511,4.549890666,
2010-03-01,03/01/10,180913.5,2.82,430.37,291.43,11490,49167,5.6,6.53743124,6.833333333,3.369238579,2.58022113,4.032851511,4.549890666,
2010-04-01,04/01/10,182547.42,2.9,443.6,291.87,11490,49167,6.2,6.605505539,7.055555556,3.503553299,2.585626536,4.032851511,4.549890666,
2010-05-01,05/01/10,184181.34,2.89,445.65,304.3,11490,49167,6.7,6.673579838,7.027777778,3.524365482,2.738329238,4.032851511,4.549890666,
2010-06-01,06/01/10,183258.66,2.79,447.17,310.37,11490,49167,6.5,6.635138057,6.75,3.539796954,2.812899263,4.032851511,4.549890666,
2010-07-01,07/01/10,182124.52,2.78,441.49,318.52,11490,49167,6.4,6.587886181,6.722222222,3.48213198,2.913022113,4.032851511,4.549890666,
2010-08-01,08/01/10,181384.45,2.78,435.26,323.16,11490,49167,6.5,6.557052514,6.722222222,3.418883249,2.97002457,4.032851511,4.549890666,
2010-09-01,09/01/10,178847.07,2.76,441.76,329.95,11490,49167,6.5,6.451337201,6.666666667,3.484873096,3.053439803,4.032851511,4.549890666,
2010-10-01,10/01/10,178529.9,2.85,447.76,336.26,11490,49167,6.3,6.438122891,6.916666667,3.545786802,3.130958231,4.032851511,4.549890666,
2010-11-01,11/01/10,177299.65,2.91,448.84,331.97,11490,49167,6.1,6.386866767,7.083333333,3.556751269,3.078255528,4.032851511,4.549890666,
2010-12-01,12/01/10,174589.26,3.05,443.05,318.84,11490,49167,6.5,6.273943307,7.472222222,3.497969543,2.916953317,4.032851511,4.549890666,
2011-01-01,01/01/11,172618.95,3.15,452.13,324.13,11651,49842,6.9,6.191853932,7.75,3.590152284,2.981941032,4.103372755,4.549890666,
2011-02-01,02/01/11,171186.86,3.26,458.29,328.32,11651,49842,7.2,6.132188513,8.055555556,3.652690355,3.033415233,4.103372755,4.549890666,
2011-03-01,03/01/11,170177.68,3.62,472.46,335.74,11651,49842,6.6,6.090142867,9.055555556,3.796548223,3.124570025,4.103372755,4.549890666,
2011-04-01,04/01/11,172071.1,3.85,479.44,337.66,11651,49842,6.6,6.169028761,9.694444444,3.867411168,3.148157248,4.103372755,4.549890666,
2011-05-01,05/01/11,173330.18,3.96,483.71,348.41,11651,49842,6.5,6.221486034,10,3.910761421,3.28022113,4.103372755,4.549890666,
2011-06-01,06/01/11,174867.99,3.74,478.02,348.11,11651,49842,6.7,6.285556085,9.388888889,3.852994924,3.276535627,4.103372755,4.549890666,
2011-07-01,07/01/11,175165.94,3.71,476.66,346.59,11651,49842,6.9,6.297969628,9.305555556,3.839187817,3.257862408,4.103372755,4.549890666,
2011-08-01,08/01/11,174041.42,3.7,486.79,351.17,11651,49842,6.9,6.251118552,9.277777778,3.942030457,3.314127764,4.103372755,4.549890666,
2011-09-01,09/01/11,174252.87,3.67,491.41,356.15,11651,49842,6.5,6.259928231,9.194444444,3.98893401,3.375307125,4.103372755,4.549890666,
2011-10-01,10/01/11,172580.5,3.51,493.27,346.82,11651,49842,6.5,6.190251983,8.75,4.007817259,3.260687961,4.103372755,4.549890666,
2011-11-01,11/01/11,172791.95,3.44,500.13,351.07,11651,49842,6.6,6.199061662,8.555555556,4.077461929,3.312899263,4.103372755,4.549890666,
2011-12-01,12/01/11,171888.49,3.33,501.65,346.07,11651,49842,7.5,6.161420648,8.25,4.092893401,3.251474201,4.103372755,4.549890666,
2012-01-01,01/01/12,170120.01,3.44,509.35,349.5,11594,51179,7.8,6.087740152,8.555555556,4.17106599,3.293611794,4.032851511,4.89009092,
2012-02-01,02/01/12,170610.19,3.64,504.48,349.46,11594,51179,7.8,6.108162608,9.111111111,4.121624365,3.293120393,4.032851511,4.89009092,
2012-03-01,03/01/12,173176.4,3.91,505.27,348.99,11594,51179,8.2,6.21507907,9.861111111,4.12964467,3.287346437,4.032851511,4.89009092,
2012-04-01,04/01/12,175636.9,3.96,498.62,345.95,11594,51179,8.5,6.317591318,10,4.06213198,3.25,4.032851511,4.89009092,
2012-05-01,05/01/12,178462.62,3.79,496.54,340.8,11594,51179,8.6,6.435319792,9.527777778,4.041015228,3.186732187,4.032851511,4.89009092,
2012-06-01,06/01/12,180298.38,3.6,493.19,339.68,11594,51179,8.6,6.511803386,9,4.007005076,3.172972973,4.032851511,4.89009092,
2012-07-01,07/01/12,180596.33,3.5,501.34,343.44,11594,51179,7.8,6.52421693,8.722222222,4.089746193,3.219164619,4.032851511,4.89009092,
2012-08-01,08/01/12,180971.17,3.78,494.47,352.64,11594,51179,7.6,6.539833956,9.5,4.02,3.332186732,4.032851511,4.89009092,
2012-09-01,09/01/12,180807.78,3.91,494.11,350.73,11594,51179,8.1,6.533026609,9.861111111,4.016345178,3.308722359,4.032851511,4.89009092,
2012-10-01,10/01/12,180836.61,3.81,500.35,348.42,11594,51179,8.7,6.534227758,9.583333333,4.079695431,3.28034398,4.032851511,4.89009092,
2012-11-01,11/01/12,181000,3.52,510.91,347.83,11594,51179,9.5,6.541035105,8.777777778,4.186903553,3.273095823,4.032851511,4.89009092,
2012-12-01,12/01/12,180519.44,3.38,507.77,342.66,11594,51179,11.6,6.521013448,8.388888889,4.155025381,3.20958231,4.032851511,4.89009092,
2013-01-01,01/01/13,180711.66,3.39,520.58,345.11,11676,52322,5.9,6.529021944,8.416666667,4.285076142,3.23968059,4.114323259,5.021636552,
2013-02-01,02/01/13,181941.91,3.74,517.91,349.08,11676,52322,5.6,6.580278068,9.388888889,4.257969543,3.288452088,4.114323259,5.021636552,
2013-03-01,03/01/13,185219.36,3.78,526.35,351.71,11676,52322,5.9,6.716827049,9.5,4.343654822,3.320761671,4.114323259,5.021636552,
2013-04-01,04/01/13,187747.13,3.64,522.39,350.69,11676,52322,6.2,6.822141979,9.111111111,4.303451777,3.308230958,4.114323259,5.021636552,
2013-05-01,05/01/13,191159.15,3.68,522.61,355.26,11676,52322,6.4,6.964297573,9.222222222,4.305685279,3.364373464,4.114323259,5.021636552,
2013-06-01,06/01/13,193523.53,3.69,527.44,361.66,11676,52322,6.5,7.062805157,9.25,4.354720812,3.442997543,4.114323259,5.021636552,
2013-07-01,07/01/13,194561.55,3.66,533.09,369.57,11676,52322,6.3,7.106052368,9.166666667,4.412081218,3.54017199,4.114323259,5.021636552,
2013-08-01,08/01/13,194167.48,3.65,535.07,375.74,11676,52322,6.4,7.08963416,9.138888889,4.432182741,3.615970516,4.114323259,5.021636552,
2013-09-01,09/01/13,194148.26,3.6,529.42,379.22,11676,52322,6.5,7.088833394,9,4.374822335,3.658722359,4.114323259,5.021636552,
2013-10-01,10/01/13,193561.97,3.42,535.46,380.93,11676,52322,6,7.064406689,8.5,4.436142132,3.67972973,4.114323259,5.021636552,
2013-11-01,11/01/13,193023.74,3.32,540.86,377.61,11676,52322,5.8,7.041982317,8.222222222,4.490964467,3.638943489,4.114323259,5.021636552,
2013-12-01,12/01/13,192802.68,3.36,536.04,376.13,11676,52322,6,7.032772255,8.333333333,4.442030457,3.620761671,4.114323259,5.021636552,
2014-01-01,01/01/14,192456.67,3.39,534.57,375.76,12457,53741,6.7,7.018356379,8.416666667,4.427106599,3.616216216,4.456416995,5.184946484,
2014-02-01,02/01/14,193379.36,3.43,557.54,372.68,12457,53741,6.6,7.056798576,8.527777778,4.660304569,3.578378378,4.456416995,5.184946484,
2014-03-01,03/01/14,195791.79,3.61,572.02,383.04,12457,53741,6.7,7.157308075,9.027777778,4.807309645,3.705651106,4.456416995,5.184946484,
2014-04-01,04/01/14,197906.28,3.74,587.13,395,12457,53741,6.9,7.245404447,9.388888889,4.96071066,3.852579853,4.456416995,5.184946484,
2014-05-01,05/01/14,200145.71,3.75,591.32,409.92,12457,53741,7.1,7.338706217,9.416666667,5.003248731,4.035872236,4.456416995,5.184946484,
2014-06-01,06/01/14,202433.2,3.77,591.69,411.56,12457,53741,7.1,7.434010318,9.472222222,5.007005076,4.056019656,4.456416995,5.184946484,
2014-07-01,07/01/14,203125.21,3.69,595.14,412.69,12457,53741,7.2,7.462841654,9.25,5.042030457,4.06990172,4.456416995,5.184946484,
2014-08-01,08/01/14,202731.15,3.57,623.96,419.98,12457,53741,7,7.446423862,8.916666667,5.334619289,4.159459459,4.456416995,5.184946484,
2014-09-01,09/01/14,201933.41,3.48,625.62,421.55,12457,53741,7.2,7.413187479,8.666666667,5.351472081,4.178746929,4.456416995,5.184946484,
2014-10-01,10/01/14,201962.25,3.26,624.06,414.85,12457,53741,7.1,7.414389045,8.055555556,5.335634518,4.096437346,4.456416995,5.184946484,
2014-11-01,11/01/14,202154.47,3,630.31,406.39,12457,53741,7.3,7.422397541,7.333333333,5.399086294,3.992506143,4.456416995,5.184946484,
2014-12-01,12/01/14,202231.36,2.63,630.98,399.11,12457,53741,7.7,7.425601023,6.305555556,5.405888325,3.903071253,4.456416995,5.184946484,
2015-01-01,01/01/15,201327.9,2.21,633.3,398.94,12943,54041,8,7.387960008,5.138888889,5.429441624,3.900982801,4.669294788,5.219472897,
2015-02-01,02/01/15,203211.72,2.3,626.99,394.12,12943,54041,8.1,7.466445935,5.388888889,5.365380711,3.841769042,4.669294788,5.219472897,
2015-03-01,03/01/15,205806.77,2.55,630.88,387.43,12943,54041,7.7,7.574563964,6.083333333,5.404873096,3.75958231,4.669294788,5.219472897,
2015-04-01,04/01/15,207940.48,2.56,640.16,376.93,12943,54041,7.6,7.663461102,6.111111111,5.499086294,3.630589681,4.669294788,5.219472897,
2015-05-01,05/01/15,211006.48,2.8,641.19,369.59,12943,54041,7.5,7.791200404,6.777777778,5.509543147,3.54041769,4.669294788,5.219472897,
2015-06-01,06/01/15,212938.35,2.89,640.64,370.33,12943,54041,7.4,7.871688246,7.027777778,5.503959391,3.5495086,4.669294788,5.219472897,
2015-07-01,07/01/15,213774.53,2.88,636.49,376.95,12943,54041,7.3,7.906526162,7,5.461827411,3.630835381,4.669294788,5.219472897,
2015-08-01,08/01/15,213130.58,2.73,632.81,383.41,12943,54041,7.3,7.879697159,6.583333333,5.424467005,3.71019656,4.669294788,5.219472897,
2015-09-01,09/01/15,213159.41,2.46,623.02,391.92,12943,54041,7.4,7.880898308,5.833333333,5.325076142,3.814742015,4.669294788,5.219472897,
2015-10-01,10/01/15,213053.69,2.39,623.08,397.26,12943,54041,7.5,7.876493677,5.638888889,5.325685279,3.88034398,4.669294788,5.219472897,
2015-11-01,11/01/15,213486.2,2.26,620.92,391.72,12943,54041,7.3,7.894513418,5.277777778,5.303756345,3.812285012,4.669294788,5.219472897,
2015-12-01,12/01/15,213111.35,2.14,597.16,384.58,12943,54041,7.4,7.878895976,4.944444444,5.062538071,3.724570025,4.669294788,5.219472897,
2016-01-01,01/01/16,213044.08,2.06,597.54,379.34,13258,56832,7.7,7.876093294,4.722222222,5.066395939,3.66019656,4.807271134,5.540683623,
2016-02-01,02/01/16,213793.76,1.87,598.55,373.83,13258,56832,7.2,7.907327345,4.194444444,5.076649746,3.592506143,4.807271134,5.540683623,
2016-03-01,03/01/16,217494.11,2.07,622.27,375.98,13258,56832,7.6,8.061495683,4.75,5.317461929,3.618918919,4.807271134,5.540683623,
2016-04-01,04/01/16,219858.49,2.22,610.45,379.86,13258,56832,7.2,8.160003266,5.166666667,5.197461929,3.666584767,4.807271134,5.540683623,
2016-05-01,05/01/16,222549.65,2.37,608.13,378.09,13258,56832,6.9,8.272125543,5.583333333,5.173908629,3.644840295,4.807271134,5.540683623,
2016-06-01,06/01/16,224741.03,2.47,619.97,376.98,13258,56832,6.6,8.363425396,5.861111111,5.294111675,3.631203931,4.807271134,5.540683623,
2016-07-01,07/01/16,225711.77,2.35,608.98,378.14,13258,56832,6.8,8.403869509,5.527777778,5.182538071,3.645454545,4.807271134,5.540683623,
2016-08-01,08/01/16,225654.1,2.28,591.51,379.81,13258,56832,6.8,8.401466794,5.333333333,5.005177665,3.665970516,4.807271134,5.540683623,
2016-09-01,09/01/16,225817.49,2.33,586.8,378.89,13258,56832,6.8,8.40827414,5.472222222,4.957360406,3.654668305,4.807271134,5.540683623,
2016-10-01,10/01/16,225779.05,2.36,573.67,374.32,13258,56832,6.9,8.406672608,5.555555556,4.824060914,3.598525799,4.807271134,5.540683623,
2016-11-01,11/01/16,226211.56,2.3,576.37,362.54,13258,56832,7,8.424692349,5.388888889,4.851472081,3.453808354,4.807271134,5.540683623,
2016-12-01,12/01/16,226288.45,2.37,562.15,358.31,13258,56832,6.5,8.42789583,5.583333333,4.707106599,3.401842752,4.807271134,5.540683623,
2017-01-01,01/01/17,225384.99,2.46,566.19,357.01,13332,59149,6.9,8.390254816,5.833333333,4.748121827,3.385872236,4.839684625,5.807342617,
2017-02-01,02/01/17,227307.25,2.42,584.04,364.32,13332,59149,7.2,8.470342276,5.722222222,4.929340102,3.475675676,4.839684625,5.807342617,
2017-03-01,03/01/17,230921.09,2.44,590.39,377.99,13332,59149,7.2,8.620906332,5.777777778,4.993807107,3.643611794,4.839684625,5.807342617,
2017-04-01,04/01/17,234044.77,2.53,593.29,374.71,13332,59149,7.2,8.751048766,6.027777778,5.023248731,3.603316953,4.839684625,5.807342617,
2017-05-01,05/01/17,236755.15,2.5,614.01,372.77,13332,59149,7.8,8.863971809,5.944444444,5.233604061,3.579484029,4.839684625,5.807342617,
2017-06-01,06/01/17,238437.13,2.46,620.68,375.58,13332,59149,7.5,8.93404844,5.833333333,5.301319797,3.614004914,4.839684625,5.807342617,
2017-07-01,07/01/17,239503.98,2.41,610.03,383.29,13332,59149,7.6,8.978496801,5.694444444,5.19319797,3.708722359,4.839684625,5.807342617,
2017-08-01,08/01/17,240234.44,2.49,597.01,393.51,13332,59149,7.6,9.008930085,5.916666667,5.061015228,3.834275184,4.839684625,5.807342617,
2017-09-01,09/01/17,239955.72,2.76,578.2,398.54,13332,59149,7.3,8.997317725,6.666666667,4.870050761,3.896068796,4.839684625,5.807342617,
2017-10-01,10/01/17,239965.33,2.62,575.45,390.67,13332,59149,7.4,8.997718108,6.277777778,4.84213198,3.799385749,4.839684625,5.807342617,
2017-11-01,11/01/17,240763.07,2.68,580.7,378.62,13332,59149,7,9.030954491,6.444444444,4.895431472,3.651351351,4.839684625,5.807342617,
2017-12-01,12/01/17,240455.5,2.59,580.27,374.05,13332,59149,6.6,9.018140147,6.194444444,4.89106599,3.595208845,4.839684625,5.807342617,
2018-01-01,01/01/18,241474.3,2.67,575.75,374.99,13775,61564,7.4,9.060586593,6.416666667,4.845177665,3.606756757,5.033727551,6.060421222,
2018-02-01,02/01/18,244117.41,2.71,582.77,373.96,13775,61564,7.6,9.170706953,6.527777778,4.916446701,3.594103194,5.033727551,6.060421222,
2018-03-01,03/01/18,246847.02,2.71,587.05,375.27,13775,61564,7.6,9.284431179,6.527777778,4.959898477,3.61019656,5.033727551,6.060421222,
2018-04-01,04/01/18,249028.78,2.87,606.03,375.23,13775,61564,7.4,9.375330233,6.972222222,5.152588832,3.60970516,5.033727551,6.060421222,
2018-05-01,05/01/18,251941.01,2.99,596.44,374.08,13775,61564,7.5,9.496662988,7.305555556,5.055228426,3.595577396,5.033727551,6.060421222,
2018-06-01,06/01/18,253574.93,2.97,597.83,369.65,13775,61564,7.6,9.564737287,7.25,5.069340102,3.541154791,5.033727551,6.060421222,
2018-07-01,07/01/18,254343.83,2.93,601.99,373.07,13775,61564,7.6,9.596772104,7.138888889,5.111573604,3.583169533,5.033727551,6.060421222,
2018-08-01,08/01/18,254785.95,2.91,608.24,381.65,13775,61564,7.6,9.615192228,7.083333333,5.175025381,3.688574939,5.033727551,6.060421222,
2018-09-01,09/01/18,254141.99,2.92,593.46,378.51,13775,61564,7.6,9.588362808,7.111111111,5.024974619,3.65,5.033727551,6.060421222,
2018-10-01,10/01/18,253920.93,2.94,584.02,372.69,13775,61564,7.4,9.579152746,7.166666667,4.929137056,3.578501229,5.033727551,6.060421222,
2018-11-01,11/01/18,254670.62,2.74,591.14,370.05,13775,61564,7.2,9.610387213,6.611111111,5.00142132,3.546068796,5.033727551,6.060421222,
2018-12-01,12/01/18,253853.66,2.46,583.3,373.98,13775,61564,9,9.576350064,5.833333333,4.921827411,3.594348894,5.033727551,6.060421222,
2019-01-01,01/01/19,254497.61,2.34,585.99,371.4,15286,61348,8.7,9.603179067,5.5,4.949137056,3.562653563,5.695575996,6.060421222,
2019-02-01,02/01/19,256371.82,2.39,590.02,373.14,15286,61348,8.8,9.681264611,5.638888889,4.990050761,3.584029484,5.695575996,6.060421222,
2019-03-01,03/01/19,259139.87,2.59,606.81,379.95,15286,61348,8.2,9.796590369,6.194444444,5.160507614,3.667690418,5.695575996,6.060421222,
2019-04-01,04/01/19,262128.98,2.88,610.22,378.75,15286,61348,7.7,9.921126189,7,5.195126904,3.652948403,5.695575996,6.060421222,
2019-05-01,05/01/19,264839.37,2.95,617.31,388.26,15286,61348,7.4,10.03404965,7.194444444,5.267106599,3.76977887,5.695575996,6.060421222,
2019-06-01,06/01/19,265944.67,2.8,614.73,392,15286,61348,7.2,10.08009996,6.777777778,5.240913706,3.815724816,5.695575996,6.060421222,
2019-07-01,07/01/19,267030.75,2.82,614.66,392.68,15286,61348,7,10.1253495,6.833333333,5.240203046,3.824078624,5.695575996,6.060421222,
2019-08-01,08/01/19,267001.91,2.71,607.44,389.59,15286,61348,7.2,10.12414794,6.527777778,5.166903553,3.786117936,5.695575996,6.060421222,
2019-09-01,09/01/19,267722.76,2.68,600.62,387.92,15286,61348,7.3,10.15418084,6.444444444,5.097664975,3.765601966,5.695575996,6.060421222,
2019-10-01,10/01/19,267780.43,2.72,589.22,391.15,15286,61348,7.4,10.15658355,6.555555556,4.981928934,3.805282555,5.695575996,6.060421222,
2019-11-01,11/01/19,268184.1,2.69,606.49,386.02,15286,61348,7.5,10.17340173,6.472222222,5.157258883,3.742260442,5.695575996,6.060421222,
2019-12-01,12/01/19,268818.45,2.65,609.03,381.09,15286,61348,7.3,10.19983076,6.361111111,5.183045685,3.681695332,5.695575996,6.060421222,
2020-01-01,01/01/20,269702.69,2.64,605.89,383.74,14589,63572,7.8,10.23667101,6.333333333,5.151167513,3.714250614,5.033727551,6.316377028,
2020-02-01,02/01/20,272960.92,2.53,604.46,386.43,14589,63572,8.3,10.37241923,6.027777778,5.136649746,3.747297297,5.033727551,6.316377028,
2020-03-01,03/01/20,275536.75,2.33,604.61,384.55,14589,63572,13.1,10.47973649,5.472222222,5.138172589,3.724201474,5.033727551,6.316377028,
2020-04-01,04/01/20,277747.35,1.94,644.36,389.28,14589,63572,33.8,10.57183711,4.388888889,5.541725888,3.782309582,5.033727551,6.316377028,
2020-05-01,05/01/20,278670.03,1.96,758.51,404.85,14589,63572,24.8,10.61027889,4.444444444,6.700609137,3.973587224,5.033727551,6.316377028,
2020-06-01,06/01/20,282149.32,2.17,755.77,424.51,14589,63572,19.3,10.75523717,5.027777778,6.672791878,4.215110565,5.033727551,6.316377028,
2020-07-01,07/01/20,285397.94,2.27,683.84,417.88,14589,63572,18.7,10.890585,5.305555556,5.942538071,4.133660934,5.033727551,6.316377028,
2020-08-01,08/01/20,289377.02,2.27,649.2,408.44,14589,63572,15,11.05636611,5.305555556,5.590862944,4.017690418,5.033727551,6.316377028,
2020-09-01,09/01/20,293058.15,2.27,637.1,405.28,14589,63572,14.3,11.20973368,5.305555556,5.468020305,3.978869779,5.033727551,6.316377028,
2020-10-01,10/01/20,296095.32,2.25,635.36,408.42,14589,63572,13.6,11.33627184,5.25,5.45035533,4.017444717,5.033727551,6.316377028,
2020-11-01,11/01/20,298382.81,2.2,634.07,409.85,14589,63572,13,11.43157594,5.111111111,5.437258883,4.035012285,5.033727551,6.316377028,
2020-12-01,12/01/20,300401.18,2.28,629.29,411.95,14589,63572,14,11.51566765,5.333333333,5.388730964,4.060810811,5.033727551,6.316377028,
2021-01-01,01/01/21,303034.68,2.42,640.7,412.2,14589,68938,19.9,11.62538762,5.722222222,5.504568528,4.063882064,5.033727551,6.316377028,
2021-02-01,02/01/21,307436.65,2.59,641.4,415.3,14589,68938,13.5,11.80878768,6.194444444,5.511675127,4.101965602,5.033727551,6.316377028,
2021-03-01,03/01/21,314587.46,2.9,648.2,416.5,14589,68938,26.6,12.10671315,7.055555556,5.58071066,4.116707617,5.033727551,6.316377028,
2021-04-01,04/01/21,322093.89,2.95,675.5,432.3,14589,68938,12.4,12.41945487,7.194444444,5.85786802,4.310810811,5.033727551,6.316377028,
2021-05-01,05/01/21,329465.75,3.08,696.2,438.4,14589,68938,10,12.72658998,7.555555556,6.068020305,4.385749386,5.033727551,6.316377028,
2021-06-01,06/01/21,335520.87,3.16,746.5,454.6,14589,68938,9,12.97886552,7.777777778,6.578680203,4.584766585,5.033727551,6.316377028,
2021-07-01,07/01/21,340278.47,3.23,752.9,460.2,14589,68938,9.9,13.17708225,7.972222222,6.643654822,4.653562654,5.033727551,6.316377028,
2021-08-01,08/01/21,342844.68,3.26,763.9,465,14589,68938,9.2,13.28399872,8.055555556,6.755329949,4.712530713,5.033727551,6.316377028,
2021-09-01,09/01/21,357700,3.27,787.1,471.6,14589,68938,7.5,13.90291855,8.083333333,6.990862944,4.793611794,5.033727551,6.316377028,
2021-10-01,10/01/21,352800,3.38,790.1,481.6,14589,68938,7.5,13.69876898,8.388888889,7.021319797,4.916461916,5.033727551,6.316377028,